0.1875,0
0.229166667,0
0.270833333,0
0.3125,0
0.354166667,0
0.4375,0
0.465972222,0
1,0
10,0
100,0
127,0
140,0
200,0
300,0
333,0
360,0
400,0
500,0
1000,0
2000,0
2009,0
2010,0
2011,0
2012,0
35064,0
35124,0
36557,0
40179,0
40237,0
41671,0
'',0
--,1
---,1
!,0
!',2
!!,1
!!!,1
"!!!""",1
!!!...,1
"!!""",1
!!..,1
!!...,1
!!:,1
"!""",2
!.,1
!..,1
!...,1
!:,1
!?,1
!?!,1
"""",0
$$,0
$$$,1
&&,1
&HEARTS,2
((,1
(),1
(@,1
({}),1
-),1
)),1
))),1
)RT,2
-*,2
**,1
*-*,1
***,1
*_*,1
*HUGS*,1
*MJB,1
*O*,1
*RT,1
*SIGH*,-1
.,0
.',1
.!,1
.!!,1
.!!!,1
..,0
..!,1
..!!,1
..!!!,1
"..""",1
...,0
...!,1
...!!,1
...!!!,1
"...""",1
...:,1
...?,1
..:,1
..?,1
..??,1
.:,1
.?,1
//,1
:,0
":""",1
:'(,-1
:-(,-2
:((,-1
:(((,-1
:),2
:'),1
:-),2
:)),2
:))),2
:-/,-1
::,1
:\,0
:],1
:D,1
:'D,1
:-D,2
:DD,2
:DDD,2
:-P,1
;(,-1
;-),2
;)),2
;/,-1
;;,1
;D,1
;O,0
;P,1
;S,0
?,0
?',1
?!,1
?!!!,0
?!?!,0
"?""",1
?.,1
?..,1
?...,1
?:,1
??,1
??!,0
??!!,0
???,0
\M/,2
\O/,1
^^,2
|VIA,2
<<,2
<<<,2
=(,-1
=),2
=)),1
=))),0
=/,0
=],1
==,0
->,1
>_<,-1
><,0
>>,2
10AM,0
10TH,0
11TH,0
12TH,0
14TH,0
15TH,0
16TH,0
17TH,0
19TH,0
1ST,0
20TH,0
21ST,0
25TH,0
2AM,0
2DAY,0
2MORO,0
2MORROW,0
2ND,0
2NIGHT,0
2NITE,0
2PM,0
3AM,0
3RD,0
4AM,0
4TH,0
5AM,0
5PM,0
5TH,0
6AM,0
6PM,0
6TH,0
7AM,0
7PM,0
7TH,0
8AM,0
8PM,0
8TH,0
9AM,0
9PM,0
9TH,0
A.M.,0
AAA,-1
AAAH,0
AAAHH,0
AAAHHH,0
AAAI,-1
AAAW,1
AAH,0
AAHH,0
AAHHH,0
AARON,1
ABANDON,-2
ABANDONED,-2
ABANDONS,-2
ABANG,1
ABC,1
ABDUCTED,-2
ABDUCTION,-2
ABDUCTIONS,-2
ABG,1
ABHORRED,-3
ABHORRENT,-3
ABHORS,-3
ABI,1
ABILITIES,2
ABILITY,2
ABIS,0
ABIT,1
ABLE,0
ABOARD,1
ABRAZO,1
ABRIL,1
ABS,0
ABSEN,0
ABSENTEE,-1
ABSENTEES,-1
ABSOLUTE,1
ABSOLUTELY,1
ABSOLVE,2
ABSOLVED,2
ABSOLVES,2
ABSOLVING,2
ABT,1
ABURRIDA,-1
ABURRIDO,-2
ABUSE,-3
ABUSED,-3
ABUSES,-3
ABUSIVE,-3
ACA,1
ACABA,0
ACABAR,0
ACABO,0
ACADEMY,1
ACARA,1
ACC,2
ACCENT,2
ACCEPT,1
ACCEPTED,1
ACCEPTING,1
ACCEPTS,1
ACCESS,0
ACCIDENT,-2
ACCIDENTAL,-2
ACCIDENTALLY,-2
ACCIDENTS,-2
ACCOMPLISH,2
ACCOMPLISHED,2
ACCOMPLISHES,2
ACCORDING,1
ACCOUNT,1
ACCOUNTS,1
ACCUSATION,-2
ACCUSATIONS,-2
ACCUSE,-2
ACCUSED,-2
ACCUSES,-2
ACCUSING,-2
ACE,2
ACH,1
ACHA,0
ACHE,-2
ACHEI,0
ACHIEVABLE,1
ACHING,-2
ACHTER,1
ACORDAR,1
ACORDEI,1
ACOUSTIC,2
ACQUIT,2
ACQUITS,2
ACQUITTED,2
ACQUITTING,2
ACRIMONIOUS,-3
ACROSS,1
ACT,1
ACTING,0
ACTION,1
ACTIVE,1
ACTOR,2
ACTUAL,1
ACTUALLY,1
ACUERDO,1
ADALAH,2
ADAM,1
ADANYA,1
ADD,2
ADDED,2
ADDICTED,2
ADDICTION,1
ADDING,2
ADDRESS,2
ADE,1
ADEK,1
ADELE,2
ADIK,1
ADIOS,1
ADJUSTMENT,2
ADMIN,2
ADMIRE,3
ADMIRED,3
ADMIRES,3
ADMIRING,3
ADMIT,-1
ADMITS,-1
ADMITTED,-1
ADMONISH,-2
ADMONISHED,-2
ADO,0
ADOPT,1
ADOPTS,1
ADORABLE,3
ADORE,3
ADORED,3
ADOREI,3
ADORES,3
ADORO,2
ADUH,-1
ADULT,1
ADVANCE,2
ADVANCED,1
ADVANTAGE,2
ADVANTAGES,2
ADVENTURE,2
ADVENTURES,2
ADVENTUROUS,2
ADVICE,2
AEE,2
AEEE,2
AFF,-2
AFFECTED,-1
AFFECTION,3
AFFECTIONATE,3
AFFLICTED,-1
AFFORD,-1
AFFRONTED,-1
AFGELOPEN,-1
AFRAID,-2
AFRICA,1
AFTERNOON,2
AFTERWARDS,1
AGAK,1
AGAMA,1
AGAR,2
AGE,1
AGENDA,1
AGENTE,0
AGES,0
AGGRAVATED,-2
AGGRAVATES,-2
AGGRAVATING,-2
AGGRESSION,-2
AGGRESSIONS,-2
AGGRESSIVE,-2
AGHAST,-2
AGO,1
AGOG,2
AGONISE,-3
AGONISED,-3
AGONISES,-3
AGONISING,-3
AGONIZE,-3
AGONIZED,-3
AGONIZES,-3
AGONIZING,-3
AGR,0
AGREEABLE,2
AGREED,1
AGREEMENT,1
AGREES,1
AGUA,0
AHA,2
AHAA,2
AHAH,2
AHAHA,1
AHAHAH,1
AHAHAHA,1
AHAHAHAHA,1
AHAM,1
AHEAD,2
AHH,1
AHHA,1
AHHH,1
AHI,1
AHORITA,0
AIGHT,2
AIH,0
AII,0
AIII,0
AIM,1
AIN,-1
AINT,0
AIN'T,1
AIR,1
AIRPORT,0
AJA,1
AJAA,1
AJAAA,0
AJAH,1
AJAK,0
AJARIN,0
AJAX,1
AJE,0
AJJ,1
AKA,1
AKHIR,1
AKHIRNYA,2
AKI,0
AKO,1
AKTIF,0
AKUN,1
AKUNYA,0
AKUU,0
AKUUU,0
ALA,0
ALAM,1
ALAN,1
ALARM,-2
ALARMED,-2
ALARMIST,-2
ALARMISTS,-2
ALAS,-1
ALAY,0
ALBUM,2
ALBUMS,1
ALCOHOL,1
ALE,1
ALEGRO,2
ALEX,1
ALGO,0
ALGUEM,0
ALGUIEN,0
ALGUM,0
ALGUN,1
ALHAMDULILAH,3
ALHAMDULILLAH,3
ALICE,1
ALIENATION,-2
ALIKE,3
ALIVE,1
ALLAH,1
ALLEEN,0
ALLEMAAL,1
ALLEN,1
ALLERGIC,-2
ALLERGIES,-2
ALLES,1
ALLL,1
ALLOH,0
ALLOW,1
ALLOWED,0
ALMA,1
ALMOST,1
ALONE,-2
ALONG,2
ALOT,1
ALREADY,0
ALRIGHT,2
ALSO,0
ALTHOUGH,0
ALTIJD,1
ALWAYS,0
ALWEER,0
AMA,0
AMAN,1
AMANDA,0
AMANHA,0
AMAR,0
AMAT,0
AMAZE,2
AMAZED,2
AMAZES,2
AMAZINGLY,2
AMAZON,1
AMBER,1
AMBIL,1
AMBITIOUS,2
AMEN,3
AMERICA,1
AMERICAN,1
AMI,0
AMIEN,3
AMIGA,1
AMIGAS,1
AMIGO,1
AMIGOS,1
AMIIIN,3
AMIIN,3
AMIN,3
AMINN,3
AMINNN,3
AMO,1
AMOO,1
AMOOO,1
AMOOR,1
AMOR,1
AMORE,1
AMORES,2
AMOUNT,1
AMPE,0
AMPUN,-1
AMR,1
AMSTERDAM,1
AMUSE,3
AMUSED,3
AMUSEMENT,3
AMUSEMENTS,3
AMY,2
ANA,0
ANAK,1
ANAK2,1
ANAKNYA,1
ANATOMY,1
ANDA,1
ANDAI,0
ANDAR,0
ANDAS,1
ANDERE,1
ANDO,0
ANDREW,1
ANDROID,1
ANDY,1
ANE,1
ANEH,0
ANG,1
ANGEL,1
ANGELES,1
ANGELS,1
ANGER,-3
ANGERS,-3
ANGIN,0
ANGRY,-3
ANGUISH,-3
ANGUISHED,-3
ANIMAL,1
ANIMALS,1
ANIMO,1
ANIMOSITY,-2
ANJING,0
ANK,1
ANKLE,-1
ANN,1
ANNA,1
ANNE,2
ANNIV,3
ANNIVERSARY,3
ANNOY,-2
ANNOYANCE,-2
ANNOYED,-2
ANNOYING,-2
ANNOYS,-2
ANNYEONG,4
ANO,1
ANOCHE,0
ANOS,0
ANOTHER,1
ANSWER,1
ANSWERED,1
ANSWERING,1
ANSWERS,1
ANTAGONISTIC,-2
ANTARA,1
ANTHONY,1
ANTI,-1
ANTICIPATION,1
ANTONIO,1
ANXIETY,-2
ANXIOUS,-2
ANYBODY,1
ANYMORE,-1
ANYONE,1
ANYTHING,1
ANYTIME,2
ANYWAY,1
ANYWAYS,1
ANYWHERE,0
APA2,0
APAA,1
APAAA,1
APAAN,0
APAKAH,1
APALAGI,0
APANYA,0
APAPUN,1
APART,0
APARTMENT,1
APATHETIC,-3
APATHY,-3
APE,1
APENAS,0
APESHIT,-3
APO,1
APOCALYPTIC,-2
APOLOGISE,-1
APOLOGISED,-1
APOLOGISES,-1
APOLOGISING,-1
APOLOGIZE,-1
APOLOGIZED,-1
APOLOGIZES,-1
APOLOGIZING,-1
APOLOGY,-1
APP,1
APPALLED,-2
APPALLING,-2
APPARENTLY,0
APPEAR,0
APPEARS,0
APPEASE,2
APPEASED,2
APPEASES,2
APPEASING,2
APPLAUD,2
APPLAUDED,2
APPLAUDING,2
APPLAUDS,2
APPLE,1
APPLICATION,1
APPLY,1
APPOINTMENT,0
APPRECIATE,2
APPRECIATED,2
APPRECIATES,2
APPRECIATING,2
APPRECIATION,2
APPREHENSIVE,-2
APPRENTICE,1
APPROVAL,2
APPROVE,2
APPROVED,2
APPROVES,2
APPS,1
APRIL,1
APT,1
AQI,1
ARDENT,1
AREA,1
ARENA,1
ARENT,0
ARGENTINA,1
ARGH,-2
ARI,1
ARIZONA,1
ARM,0
ARMS,0
ARMY,-1
AROUND,1
ARREST,-2
ARRESTED,-3
ARRESTS,-2
ARRIVE,1
ARRIVED,2
ARROGANT,-2
ARRUMANDO,2
ARRUMAR,2
ARSE,1
ARSENAL,1
ART,1
ARTICLE,2
ARTINYA,1
ARTIS,1
ARTIST,2
ARTISTS,2
ARTS,1
ASA,0
ASAL,1
ASAP,1
ASH,0
ASHAME,-2
ASHAMED,-2
ASHLEY,1
ASIIIK,2
ASIK,1
ASK,1
ASKED,1
ASKING,1
ASLEEP,0
ASLI,0
ASS,-4
ASSALAMUALAIKUM,4
ASSASSINATION,-3
ASSASSINATIONS,-3
ASSET,2
ASSETS,2
ASSFUCKING,-4
ASSHOLE,-4
ASSIGNMENT,0
ASSIGNMENTS,0
ASSISTI,1
ASSISTINDO,2
ASSISTIR,1
ASSUME,1
ASTAGA,-1
ASTAGFIRULLAH,-1
ASTONISHED,2
ASTOUND,3
ASWELL,1
ASYIK,1
ATA,1
ATAS,2
ATAU,1
ATE,1
ATH,0
ATI,1
ATI2,1
ATL,1
ATLANTA,1
ATLEAST,1
ATM,0
ATO,1
ATTACHED,1
ATTACK,-1
ATTACKED,-1
ATTACKING,-1
ATTEMPT,1
ATTEND,0
ATTENTION,1
ATTITUDE,2
ATTRACT,1
ATTRACTED,1
ATTRACTING,2
ATTRACTION,2
ATTRACTIONS,2
ATTRACTIVE,2
ATTRACTS,1
ATUH,0
AUDACIOUS,3
AUDIENCE,2
AUDIO,1
AUDITION,2
AUGUST,1
AULA,0
AUNQ,0
AUNQUE,1
AUNT,1
AUNTIE,1
AUNTY,1
AUSSIE,1
AUSTIN,1
AUSTRALIA,1
AUTHORITY,1
AUTO,1
AVA,2
AVAILABLE,1
AVANYA,3
AVATAR,2
AVATARNYA,2
AVE,1
AVERAGE,1
AVERT,-1
AVERTED,-1
AVERTS,-1
AVI,3
AVID,2
AVISO,1
AVOID,-1
AVOIDED,-1
AVOIDS,-1
AVOND,1
AVONDJE,2
AVRIL,2
AWAIT,-1
AWAITED,-1
AWAK,0
AWAKE,0
AWAL,1
AWARD,3
AWARDED,3
AWARDS,3
AWARE,1
AWAS,1
AWAY,0
AWE,1
AWESOME,4
AWESOMENESS,2
AWFUL,-3
AWH,1
AWHH,1
AWHILE,1
AWKWARD,-2
AWSOME,2
AWW,1
AWWH,1
AWWW,1
AXE,-1
AXED,-1
AXIS,1
AYA,1
AYAH,1
AYAM,1
AYE,2
AYEE,3
AYEEE,3
AYER,0
AYO,1
AYOK,1
AYOO,1
AYOOO,1
AYU,1
AYUDA,1
AYY,0
AYYY,0
B/C,0
BAB,1
BABE,1
BABES,1
BABI,1
BABIES,1
BABY,1
BABYSITTING,1
BABYYY,1
BAC,1
BACA,1
BACKED,1
BACKGROUND,2
BACKING,2
BACKK,2
BACKS,1
BACON,1
BAD,-3
BADAN,-1
BADASS,-3
BADLY,-3
BAE,1
BAEK,2
BAG,1
BAGAIMANA,1
BAGI,2
BAGIAN,1
BAGS,1
BAGUS,2
BAH,0
BAHAGIA,2
BAHAHA,2
BAHASA,1
BAIK,2
BAIK2,2
BAIKLAH,2
BAJU,1
BAK,1
BAKALAN,0
BAKAR,1
BAKE,2
BAKED,2
BAKING,2
BAKSO,1
BALANCE,1
BALAS,0
BALES,0
BALI,1
BALIK,0
BALL,1
BALLET,1
BALLS,1
BAM,1
BAMBOOZLE,-2
BAMBOOZLED,-2
BAMBOOZLES,-2
BAN,-2
BANA,1
BANANA,2
BAND,2
BANDA,1
BANDS,1
BANDUNG,1
BANG,1
BANGEEET,0
BANGET,0
BANGGA,2
BANHO,2
BANISH,-1
BANK,1
BANKRUPT,-3
BANKSTER,-3
BANNED,-2
BANTU,1
BANTUIN,0
BANYAK,1
BAR,1
BARBIE,1
BARCA,1
BARCELONA,1
BARE,0
BARELY,-1
BARGAIN,2
BARRIER,-2
BARS,1
BARU,1
BARUSAN,0
BAS,1
BASE,1
BASEBALL,2
BASED,1
BASICALLY,1
BASKET,1
BASKETBALL,1
BASS,2
BASTA,1
BASTARD,-5
BASTARDS,-5
BAT,0
BATAL,-1
BATERIA,-1
BATH,1
BATHROOM,0
BATMAN,1
BATTERY,-1
BATTLES,-1
BATU,0
BATUK,-1
BAU,0
BAWA,1
BAWAIN,1
BAY,1
BAYAR,1
BBALL,1
BBC,0
BBL,2
BBM,0
BBQ,1
BBY,1
BCK,1
BDAY,2
B'DAY,3
B-DAY,2
BDG,1
BEACH,1
BEAN,1
BEANS,2
BEAR,1
BEARD,1
BEARS,1
BEAST,2
BEASTLY,2
BEAT,1
BEATEN,-2
BEATIFIC,3
BEATING,-1
BEATLES,2
BEATS,1
BEAUTIES,3
BEAUTIFULLY,3
BEAUTIFY,3
BEAUTY,2
BEB,0
BEBAS,1
BEBE,0
BEBEB,0
BEBEK,1
BEBER,0
BEBERAPA,0
BECAME,1
BECANDA,0
BECOME,1
BECOMING,1
BED,1
BEDA,1
BEDANKT,2
BEDJE,1
BEDROOM,1
BEDTIME,1
BEE,1
BEEF,1
BEER,2
BEERS,1
BEETJE,1
BEGADANG,1
BEGIN,1
BEGINI,-1
BEGINNEN,1
BEGINNING,1
BEGINS,1
BEGINT,1
BEGITU,1
BEH,0
BEHIND,1
BEIJO,1
BEIJOS,2
BEIN,1
BEKASI,1
BEL,1
BELANJA,1
BELATED,2
BELFAST,1
BELI,0
BELIEBER,2
BELIEBERS,2
BELIEVE,0
BELIIN,0
BELITTLE,-2
BELITTLED,-2
BELL,1
BELLA,1
BELLE,1
BELLO,1
BELLY,1
BELOM,0
BELONG,1
BELOVED,3
BELT,1
BELUM,0
BENAR,1
BENCI,0
BENDE,2
BENDICIONES,3
BENEDEN,1
BENEFIT,2
BENEFITS,2
BENEFITTED,2
BENEFITTING,2
BENER,0
BENER2,0
BENERAN,0
BENI,1
BENIEUWD,3
BENT,1
BENTAR,1
BERAKHIR,1
BERANGKAT,1
BERANI,0
BERANTEM,0
BERAPA,1
BERARTI,1
BERASA,0
BERAT,0
BERDOA,2
BERDUA,1
BERDUKA,0
BEREAVE,-2
BEREAVED,-2
BEREAVES,-2
BEREAVING,-2
BERENANG,0
BERES,1
BERHARAP,1
BERHASIL,2
BERHENTI,0
BERI,1
BERIKAN,2
BERITA,0
BERJALAN,2
BERJUANG,2
BERLIN,1
BERRY,1
BERSAMA,2
BERSYUKUR,2
BERTEMU,1
BERUBAH,0
BERUSAHA,2
BESAR,1
BESIDE,1
BESIDES,1
BESO,2
BEST,3
BESTEST,2
BESTFRIEND,1
BESTFRIENDS,1
BESTIE,1
BESTIES,2
BET,1
BETA,1
BETE,-1
BETER,1
BETRAY,-3
BETRAYAL,-3
BETRAYED,-3
BETRAYING,-3
BETRAYS,-3
BETTA,1
BETTER,2
BETUL,1
BEY,0
BEYONCE,1
BEYOND,1
BEZIG,1
BFF,1
BGD,0
BGN,1
BGS,1
BGT,0
BGTU,1
BGUS,1
BHS,1
BIARIN,1
BIAS,-1
BIASA,1
BIASANYA,1
BIASED,-2
BIBLE,2
BIEBER,2
BIER,1
BIG,1
BIGGER,1
BIJNA,0
BIKE,1
BIKIN,0
BIL,1
BILA,1
BILANG,0
BILL,1
BILLS,0
BILLY,1
BINGUNG,-1
BINNEN,1
BINTANG,1
BIO,1
BIOLOGY,0
BIR,2
BIRD,1
BIRDS,1
BIRMINGHAM,1
BIRTH,2
BIRTHDAY,3
BIRTHDAYYY,4
BIRU,1
BISA,0
BISAA,0
BISAAA,0
BISCUITS,1
BISMA,1
BISMILLAH,3
BIT,1
BITCHES,-5
BITE,1
BITS,1
BITTER,-2
BITTERLY,-2
BIZ,2
BIZARRE,-2
BJS,1
BKAN,1
BKIN,0
BKN,1
BLA,0
BLACK,1
BLACKBERRY,1
BLAH,-2
BLAJAR,1
BLAME,-2
BLAMED,-2
BLAMES,-2
BLAMING,-2
BLANK,0
BLANKET,1
BLAST,2
BLASTING,2
BLEEDING,-2
BLEH,0
BLESS,2
BLESSED,4
BLESSES,2
BLESSING,3
BLEW,0
BLG,0
BLH,1
BLIJ,2
BLIJFT,1
BLIJVEN,1
BLIND,-1
BLISS,3
BLISSFUL,3
BLITHE,2
BLJR,1
BLM,0
BLN,0
BLOCK,-1
BLOCKBUSTER,3
BLOCKED,-1
BLOCKING,-1
BLOCKS,-1
BLOCO,1
BLOG,2
BLOGGING,1
BLOGS,1
BLOM,0
BLONDE,1
BLOOD,0
BLOODY,-3
BLOW,1
BLOWING,1
BLOWN,0
BLOWS,-1
BLS,0
BLUE,1
BLUES,1
BLUM,0
BLUNT,2
BLURRY,-2
BLZ,1
BNER,0
BNGET,0
BNGT,0
BNGUN,0
BNR,0
BNYAK,1
BNYK,1
BOA,3
BOARD,1
BOARDING,1
BOASTFUL,-2
BOB,1
BOBBY,1
BOGOR,1
BOHONG,0
BOI,1
BOKAP,0
BOLDLY,2
BOLEH,1
BONES,1
BONITA,2
BONITO,2
BONJOUR,4
BONNE,4
BONUS,2
BOO,0
BOOBS,0
BOOKED,1
BOOKING,1
BOOKS,1
BOONG,0
BOOOA,4
BOOOM,3
BOOST,1
BOOSTED,1
BOOSTING,1
BOOSTS,1
BOOTH,2
BOOTS,1
BOOTY,1
BORED,-2
BORING,-3
BORROW,1
BOS,1
BOSAN,-1
BOSEN,0
BOSTON,1
BOTHER,-2
BOTHERED,-2
BOTHERS,-2
BOTHERSOME,-2
BOTTLE,1
BOTTLES,2
BOTTOM,1
BOUGHT,1
BOUND,2
BOUTA,2
BOW,2
BOWLING,2
BOX,1
BOXES,1
BOY,1
BOYCOTT,-2
BOYCOTTED,-2
BOYCOTTING,-2
BOYCOTTS,-2
BOYS,1
BRACELET,1
BRAD,2
BRAIN,0
BRAINWASHING,-3
BRAND,2
BRANDON,1
BRAPA,1
BRARTI,1
BRASIL,1
BRAZIL,1
BRB,2
BREAD,1
BREAK,-1
BREAKFAST,2
BREAKS,0
BREAKTHROUGH,3
BREATH,1
BREATHE,0
BREATHING,0
BREATHTAKING,5
BRENG,1
BRG,1
BRIAN,1
BRIBE,-3
BRIDGE,1
BRIGHT,1
BRIGHTEST,2
BRIGHTNESS,1
BRILLIANT,4
BRING,1
BRINGING,2
BRINGS,2
BRISK,2
BRITISH,1
BRITNEY,1
BRO,2
BROKE,-1
BROKEN,-1
BROODING,-2
BROOKLYN,2
BROS,1
BROTHER,1
BROTHERS,1
BROUGHT,1
BROWN,1
BROWNIES,1
BRP,1
BRPA,1
BRRR,0
BRU,1
BRUH,1
BRUNA,1
BRUNCH,2
BRUNO,1
BSA,0
BSK,1
BSOK,0
BTW,2
BUAT,1
BUBBLE,1
BUBUR,0
BUCKS,1
BUD,1
BUDDIES,1
BUDDY,1
BUDGET,0
BUEN,2
BUENA,2
BUENAS,3
BUENO,1
BUENOS,2
BUFFALO,1
BUFFET,2
BUG,0
BUGS,1
BUH,0
BUILDING,1
BUITEN,1
BUKA,1
BUKANNYA,0
BUKAS,1
BUKU,1
BULAN,1
BULL,1
BULLIED,-2
BULLS,2
BULLSHIT,-4
BULLY,-2
BULLYING,-2
BUM,0
BUMMED,-2
BUMMER,-2
BUMP,1
BUN,1
BUNCH,1
BUNDA,1
BUNG,2
BUNNY,1
BUONGIORNO,4
BUOYANT,2
BURDEN,-2
BURDENED,-2
BURDENING,-2
BURDENS,-2
BUREAU,2
BURGER,1
BURGERS,1
BURLESQUE,2
BURN,0
BURNED,-1
BURNING,0
BURNT,-1
BURUK,0
BUS,0
BUSCAR,1
BUSINESS,1
BUST,1
BUSY,1
BUTT,1
BUTTER,1
BUTTON,1
BUTUH,0
BUU,0
BUUU,-1
BUY,1
BUYING,1
BUZZ,1
BWA,1
BWT,1
BYE,1
BYEE,2
BYEEE,2
BYK,1
CAB,1
CABELO,0
CABEZA,-1
CADE,-2
CAE,1
CAFE,1
CAKE,2
CAKEP,2
CAKES,2
CALI,1
CALIFORNIA,1
CALL,1
CALLE,1
CALLED,1
CALLING,1
CALLS,1
CALM,2
CALMED,2
CALMING,2
CALMS,2
CALON,2
CALOR,0
CAM,1
CAMA,1
CAMBIAR,0
CAMBIO,1
CAME,1
CAMERA,0
CAMILA,0
CAMINO,1
CAMP,1
CAMPING,1
CAMPUS,1
CANADA,0
CANADIAN,1
CANAL,1
CANCEL,-1
CANCELED,-1
CANCELLED,-1
CANCELLING,-1
CANCELS,-1
CANCER,-1
CANCION,1
CANCIONES,1
CANDY,1
CANSADA,-1
CANSADO,0
CAN'T STAND,-3
CANTANDO,1
CANTIK,3
CAP,1
CAPABLE,1
CAPE,0
CAPEK,0
CAPITAL,1
CAPS,1
CAPTIVATED,3
CARA,0
CARALHO,-1
CARAMEL,1
CARANYA,0
CARD,1
CARDIFF,1
CARDS,1
CARE,2
CAREER,1
CAREFREE,1
CAREFUL,2
CAREFULLY,2
CARELESS,-2
CARES,2
CARI,1
CARING,2
CARLOS,1
CARNAVAL,1
CARNAVALES,0
CARNIVAL,1
CAROLINA,1
CARS,1
CASE,0
CASH,1
CASHING IN,-2
CASI,0
CASINO,1
CASITA,1
CASO,1
CAST,1
CASTLE,1
CASUALTY,-2
CAT,0
CATASTROPHE,-3
CATASTROPHIC,-4
CATCH,1
CATCHING,1
CATS,1
CAUGHT,1
CAUSA,0
CAUSE,1
CAUTIOUS,-1
CBA,0
CEDO,0
CEDRIC,1
CEK,2
CEL,0
CELEBRATE,3
CELEBRATED,3
CELEBRATES,3
CELEBRATING,3
CELEBRATION,2
CELEBRITY,2
CELL,0
CELTICS,1
CELULAR,0
CEMBURU,0
CENA,2
CENAR,1
CENAT,0
CENSOR,-2
CENSORED,-2
CENTER,1
CENTRAL,2
CENTRE,1
CENTRO,1
CENUT,0
CEPAT,1
CEPET,1
CERAH,2
CERCA,0
CEREAL,1
CERITA,0
CERITANYA,0
CERTAIN,1
CERTAINLY,2
CERTEZA,1
CERTO,1
CEWE,1
CEWEK,1
CHA,1
CHAGRIN,-2
CHAGRINED,-2
CHAIR,1
CHALLENGE,-1
CHAMA,0
CHAMP,2
CHAMPAGNE,2
CHAMPION,2
CHAMPIONS,2
CHAMPIONSHIP,2
CHAMPS,3
CHANCE,2
CHANCES,2
CHANGE,1
CHANGED,1
CHANGES,1
CHANGING,1
CHANNEL,1
CHAOS,-2
CHAOTIC,-2
CHAPTER,1
CHARACTER,1
CHARACTERS,1
CHARGE,0
CHARGED,-3
CHARGER,-1
CHARGES,-2
CHARITY,2
CHARLIE,1
CHARLOTTE,1
CHARM,3
CHARMING,3
CHARMLESS,-3
CHASE,1
CHASING,1
CHASTISE,-3
CHASTISED,-3
CHASTISES,-3
CHASTISING,-3
CHAT,1
CHATA,-1
CHATO,-1
CHATTING,2
CHEAP,1
CHEAPER,1
CHEAT,-3
CHEATED,-3
CHEATER,-3
CHEATERS,-3
CHEATS,-3
CHECK,2
CHECKED,1
CHECKING,2
CHEEKY,2
CHEER,2
CHEERED,2
CHEERFUL,2
CHEERLESS,-2
CHEERS,2
CHEERY,3
CHEESE,2
CHEESECAKE,1
CHEESY,2
CHEF,2
CHEGA,1
CHEGANDO,1
CHEGAR,1
CHEGOU,1
CHEGUEI,2
CHELSEA,1
CHEM,0
CHEMISTRY,0
CHERISHED,2
CHERISHES,2
CHERISHING,2
CHERRY,1
CHEST,0
CHIC,2
CHICA,1
CHICAGO,1
CHICAS,1
CHICK,2
CHICKEN,1
CHICKS,1
CHICO,1
CHILDHOOD,1
CHILDISH,-2
CHILDREN,1
CHILLED,2
CHILLEN,2
CHILLIN,2
CHILLING,-1
CHILLY,1
CHIN,1
CHINGU,2
CHIP,1
CHIPOTLE,2
CHOCOLATE,1
CHOICE,1
CHOICES,1
CHOIR,1
CHOKE,-2
CHOKED,-2
CHOKES,-2
CHOKING,-2
CHOOSE,1
CHORAR,-2
CHOSE,1
CHRIS,1
CHRIST,2
CHRISTIAN,1
CHRISTMAS,1
CHROME,1
CHUCK,1
CHURCH,2
CHUVA,0
CIAO,2
CICI,1
CIDADE,0
CIE,1
CIEE,2
CIEEE,1
CIELO,1
CIERTO,1
CIK,1
CIN,1
CINE,1
CINEMA,1
CINNAMON,2
CINTA,1
CIRCLE,1
CITA,0
CITY,0
CIUM,1
CKCK,0
CKCKCK,0
CLARIFIES,2
CLARITY,2
CLARO,1
CLASE,0
CLASES,0
CLASH,-2
CLASS,1
CLASSES,1
CLASSIC,2
CLASSY,3
CLEAN,2
CLEANED,1
CLEANER,2
CLEANING,1
CLEAR,1
CLEARED,1
CLEARLY,1
CLEARS,1
CLEVELAND,1
CLEVER,2
CLICK,1
CLIENT,1
CLIMA,1
CLIP,1
CLOCK,0
CLOSE,1
CLOSED,-1
CLOSER,1
CLOSET,1
CLOSING,0
CLOTHES,1
CLOUD,2
CLOUDED,-1
CLOUDS,1
CLOUDY,0
CLUB,1
CLUBS,1
CLUE,0
CLUELESS,-2
CMA,0
CMG,-1
CMO,1
CMON,1
C'MON,1
CNT,0
COACH,1
COAST,1
COAT,1
COBA,1
COCA,1
COCK,-5
COCKSUCKER,-5
COCKSUCKERS,-5
COCKY,-2
COCO,1
COCOK,1
COD,1
CODE,1
CODY,2
COERCED,-2
COFFEE,1
COISAS,1
COK,1
COKE,1
COKLAT,1
COLA,1
COLD,-1
COLE,1
COLEGIO,0
COLLAPSE,-2
COLLAPSED,-2
COLLAPSES,-2
COLLAPSING,-2
COLLECTION,1
COLLEGE,1
COLLIDE,-1
COLLIDES,-1
COLLIDING,-1
COLLISION,-2
COLLISIONS,-2
COLLUDING,-3
COLOCAR,1
COLOR,2
COLORADO,1
COLORS,2
COLOUR,1
COMBAT,-1
COMBATS,-1
COME,1
COMEBACK,1
COMEDY,1
COMENDO,1
COMFORT,2
COMFORTABLE,2
COMFORTING,2
COMFORTS,2
COMI,0
COMIDA,1
COMIENDO,2
COMING,1
COMMEND,2
COMMENDED,2
COMMENTS,1
COMMERCIAL,1
COMMERCIALS,0
COMMIT,1
COMMITMENT,2
COMMITS,1
COMMITTED,1
COMMITTING,1
COMMON,1
COMMUNITY,1
COMP,0
COMPANY,1
COMPARED,1
COMPASSIONATE,2
COMPELLED,1
COMPETENT,2
COMPETITION,2
COMPETITIVE,2
COMPLACENT,-2
COMPLAIN,-2
COMPLAINED,-2
COMPLAINING,1
COMPLAINS,-2
COMPLETE,1
COMPLETED,1
COMPLETELY,0
COMPLICATED,0
COMPLIMENT,3
COMPRAR,1
COMPREHENSIVE,2
COMPREI,1
COMPUTER,0
CONCERT,1
CONCERTS,1
CONCIERTO,0
CONCILIATE,2
CONCILIATED,2
CONCILIATES,2
CONCILIATING,2
CONDEMN,-2
CONDEMNATION,-2
CONDEMNS,-2
CONFERENCE,1
CONFIDENCE,2
CONFIRM,1
CONFLICT,-2
CONFLICTING,-2
CONFLICTIVE,-2
CONFLICTS,-2
CONFUSE,-2
CONFUSED,-2
CONFUSING,-2
CONGRATS,2
CONGRATULATE,2
CONGRATULATION,2
CONGRATULATIONS,2
CONGRATZ,3
CONMIGO,0
CONNECT,1
CONNECTION,0
CONSENT,2
CONSENTS,2
CONSIDER,2
CONSIDERING,1
CONSOLABLE,2
CONSPIRACY,-3
CONSTANTLY,0
CONSTRAINED,-2
CONT,1
CONTA,0
CONTACT,1
CONTACTS,0
CONTAGION,-2
CONTAGIONS,-2
CONTAGIOUS,-1
CONTAR,0
CONTEMPT,-2
CONTEMPTUOUS,-2
CONTEMPTUOUSLY,-2
CONTEND,-1
CONTENDER,-1
CONTENDING,-1
CONTENT,2
CONTENTIOUS,-2
CONTEST,1
CONTESTABLE,-2
CONTIGO,1
CONTINUE,1
CONTINUES,1
CONTRA,0
CONTRACT,1
CONTROL,1
CONTROVERSIAL,-2
CONTROVERSIALLY,-2
CONVERSATION,2
CONVERSATIONS,1
CONVINCE,1
CONVINCED,1
CONVINCES,1
CONVIVIAL,2
CONVO,2
COOK,1
COOKED,2
COOKIE,1
COOKIES,1
COOKING,2
COOL,1
COOL STUFF,3
COOLER,2
COOLEST,3
COOOL,2
COP,1
COPS,1
COPY,1
CORAZON,1
CORN,2
CORNER,1
CORNERED,-2
CORPSE,-1
CORRECT,2
COS,0
COSAS,1
COST,0
COSTA,1
COSTLY,-2
COUCH,1
COUGH,-1
COUGHING,-2
COULDNT,0
COULD'VE,-1
COUNT,1
COUNTDOWN,2
COUNTING,1
COUNTRY,1
COUNTY,1
COUPLE,1
COURAGE,2
COURAGEOUS,2
COURSE,2
COURSEWORK,0
COURT,1
COURTEOUS,2
COURTESY,2
COUSIN,1
COUSINS,1
COVER,2
COVERED,1
COVERS,1
COVER-UP,-3
COW,1
COWARD,-2
COWARDLY,-2
COWO,1
COWOK,1
COY,1
COZ,0
CPET,1
CPT,1
CRACK,1
CRACKED,0
CRACKING,2
CRAMP,-1
CRAMPS,-2
CRAP,-3
CRAPPY,-1
CRASH,-2
CRASHED,-1
CRAVING,0
CRAZIER,-2
CRAZIEST,-2
CRAZY,-2
CREAM,1
CREATE,1
CREATED,2
CREATING,2
CREATIVE,2
CREDIT,1
CREEPY,1
CREER,0
CRESTFALLEN,-2
CREW,2
CRIB,1
CRICKET,1
CRIED,-2
CRIES,-2
CRIME,-3
CRIMINAL,-3
CRIMINALS,-3
CRISIS,-3
CRITA,0
CRITIC,-2
CRITICISM,-2
CRITICIZE,-2
CRITICIZED,-2
CRITICIZES,-2
CRITICIZING,-2
CRITICS,-2
CROSS,1
CROSSED,2
CROWD,1
CRUEL,-3
CRUISE,1
CRUNCH,1
CRUSH,-1
CRUSHED,-2
CRUSHES,-1
CRUSHING,-1
CRY,-1
CRYING,-2
CRYSTAL,1
CSI,1
CTFU,1
CUACA,1
CUALQUIER,1
CUANTO,0
CUARTO,0
CUCI,1
CUD,0
CUDDLE,0
CUDDLING,1
CUENTA,0
CUENTO,1
CUKUP,1
CULPA,-1
CUM,1
CUMA,0
CUMAN,0
CUMPLE,2
CUNT,-5
CUP,1
CUPCAKE,1
CUPCAKES,2
CUPPA,2
CUPS,1
CURE,1
CURHAT,0
CURIOUS,1
CURLY,1
CURRENT,1
CURRENTLY,1
CURRY,1
CURSE,-1
CURSO,1
CUS,1
CUSTOMER,1
CUSTOMERS,1
CUT,-1
CUTE,2
CUTEST,2
CUTIE,3
CUTS,-1
CUTTING,-1
CUY,1
CUZ,1
CYA,2
CYNIC,-2
CYNICAL,-2
CYNICISM,-2
CYRUS,2
DAAR,1
DAARNA,2
DACHT,1
DAD,1
DADDY,1
DADO,0
DADS,1
DAERAH,1
DAFTAR,1
DAGJE,1
DAH,1
DAHA,2
DAI,1
DAILY,1
DAK,0
DALAM,1
DALE,2
DALLAS,1
DAM,0
DAMAGE,-3
DAMAGES,-3
DAMAI,2
DAME,1
DAMMIT,-1
DAMN,-4
DAMNED,-4
DAMNIT,-4
DANCING,2
DANG,0
DANGER,-2
DANGEROUS,1
DANI,1
DANIEL,1
DANK,3
DANKE,4
DANNY,1
DAPAT,1
DAPET,1
DAQUI,1
DAR,0
DARAH,0
DARE,2
DAREDEVIL,2
DARING,2
DARIPADA,1
DARK,1
DARKEST,-2
DARKNESS,-1
DARL,1
DARLING,2
DARN,0
DASAR,1
DATA,0
DATANG,1
DATE,2
DATES,1
DATING,1
DATS,1
DAUGHTER,1
DAUNTLESS,2
DAVE,1
DAVID,1
DAW,1
DAWN,1
DAY,0
DAYLIGHT,1
DAYS,1
DAYY,2
DAYYY,2
DDE,2
DEA,1
DEAD,-3
DEADLINE,0
DEADLOCK,-2
DEAFENING,-1
DEAL,1
DEAN,1
DEAR,2
DEARLY,3
DEATH,-2
DEBATE,1
DEBE,1
DEBO,0
DEBONAIR,2
DEBT,-2
DECEIT,-3
DECEITFUL,-3
DECEIVE,-3
DECEIVED,-3
DECEIVES,-3
DECEIVING,-3
DECEMBER,1
DECENT,1
DECEPTION,-3
DECH,1
DECIDE,1
DECIR,0
DECISION,1
DECISIONS,1
DECISIVE,1
DECK,1
DEDE,1
DEDICATED,2
DEE,1
DEEEH,0
DEEH,0
DEEP,1
DEF,1
DEFEATED,-2
DEFECT,-3
DEFECTS,-3
DEFENDER,2
DEFENDERS,2
DEFENSELESS,-2
DEFER,-1
DEFERRING,-1
DEFF,1
DEFIANT,-1
DEFICIT,-2
DEFINATELY,2
DEFINITELY,2
DEFINITIVAMENTE,0
DEFO,1
DEG,1
DEGRADE,-2
DEGRADED,-2
DEGRADES,-2
DEGREE,1
DEGREES,1
DEH,1
DEHH,0
DEHUMANIZE,-2
DEHUMANIZED,-2
DEHUMANIZES,-2
DEHUMANIZING,-2
DEI,1
DEIXA,0
DEIXAR,1
DEIXOU,-1
DEJA,0
DEJAR,0
DEJE,0
DEJECT,-2
DEJECTED,-2
DEJECTING,-2
DEJECTS,-2
DEJO,0
DEK,2
DEKAT,1
DEKET,1
DELAY,-1
DELAYED,-1
DELETE,0
DELETED,0
DELICIOUS,2
DELIGHT,3
DELIGHTED,3
DELIGHTING,3
DELIGHTS,3
DELIVER,1
DELIVERED,1
DELIVERY,1
DEMAM,-1
DEMAND,-1
DEMANDED,-1
DEMANDING,-1
DEMANDS,-1
DEMASIADO,0
DEMI,1
DEMO,1
DEMONSTRATION,-1
DEMORALIZED,-2
DENGAN,1
DENGER,0
DENGERIN,1
DENIED,-2
DENIER,-2
DENIERS,-2
DENIES,-2
DENK,1
DENOUNCE,-2
DENOUNCES,-2
DENOVO,0
DENTIST,-1
DENY,-2
DENYING,-2
DEPENDS,2
DEPOIS,1
DEPRESSED,-2
DEPRESSING,-2
DERAIL,-2
DERAILED,-2
DERAILS,-2
DERBY,1
DERIDED,-2
DERIDES,-2
DERIDING,-2
DERISION,-2
DESAYUNO,1
DESCANSAR,2
DESCRIBE,1
DESCULPA,-1
DESEO,1
DESERVE,2
DESERVED,2
DESERVES,2
DESFILE,1
DESIGN,1
DESIRABLE,2
DESIRE,1
DESIRED,2
DESIROUS,2
DESK,0
DESKTOP,1
DESPAIR,-3
DESPAIRING,-3
DESPAIRS,-3
DESPERATE,-3
DESPERATELY,-3
DESPITE,1
DESPONDENT,-3
DESPUES,1
DESSA,0
DESSERT,2
DESTROY,-3
DESTROYED,-3
DESTROYING,-3
DESTROYS,-3
DESTRUCTION,-3
DESTRUCTIVE,-3
DETACHED,-1
DETAILS,2
DETAIN,-2
DETAINED,-2
DETENTION,-2
DETERMINED,2
DETROIT,1
DEU,-1
DEUS,0
DEV,1
DEVASTATE,-2
DEVASTATED,-2
DEVASTATING,-2
DEVIL,1
DEVOTED,3
DEW,1
DEWASA,2
DEY,1
DEZE,1
DGN,1
DIAA,2
DIAAA,2
DIAJAK,0
DIAMOND,1
DIAN,1
DIANA,1
DIARIES,1
DIAS,1
DIBALES,0
DIBILANG,0
DICEN,1
DICES,0
DICH,1
DICHO,1
DICK,-4
DICKHEAD,-4
DIE,-3
DIED,-3
DIEGO,1
DIEM,0
DIERON,0
DIET,0
DIFF,1
DIFFERENCE,1
DIFFERENT,1
DIFFICULT,-1
DIFFIDENT,-2
DIFICIL,-1
DIGA,1
DIGAS,0
DIGO,1
DIH,0
DIIA,2
DIIIA,3
DIJE,0
DIJO,0
DIK,1
DIKASIH,1
DIKIT,1
DIL,1
DILEMMA,-1
DIMANA,1
DIME,1
DINDA,1
DINERO,0
DING,1
DINGEN,1
DINGIN,0
DINNER,2
DINSDAG,1
DIO,0
DIOS,1
DIP,1
DIPSHIT,-3
DIR,2
DIRE,-3
DIRECT,1
DIRECTION,1
DIRECTORS,1
DIREFUL,-3
DIRI,1
DIRIKU,0
DIRIMU,1
DIRT,-2
DIRTIER,-2
DIRTIEST,-2
DIRTY,-2
DIRUMAH,0
DIS,1
DISADVANTAGE,-2
DISADVANTAGED,-2
DISANA,1
DISAPPEAR,-1
DISAPPEARED,-1
DISAPPEARS,-1
DISAPPOINT,-2
DISAPPOINTED,-2
DISAPPOINTING,-2
DISAPPOINTMENT,-2
DISAPPOINTMENTS,-2
DISAPPOINTS,-2
DISASTROUS,-3
DISBELIEVE,-2
DISCARD,-1
DISCARDED,-1
DISCARDING,-1
DISCARDS,-1
DISCO,1
DISCONSOLATE,-2
DISCONSOLATION,-2
DISCONTENTED,-2
DISCORD,-2
DISCOUNT,2
DISCOUNTED,-1
DISCOURAGED,-2
DISCOVERED,1
DISCREDITED,-2
DISDAIN,-2
DISFRUTA,2
DISFRUTAR,2
DISGRACE,-2
DISGRACED,-2
DISGUISE,-1
DISGUISED,-1
DISGUISES,-1
DISGUISING,-1
DISGUST,-3
DISGUSTED,-3
DISGUSTING,-3
DISHEARTENED,-2
DISHES,1
DISHONEST,-2
DISILLUSIONED,-2
DISINI,0
DISJOINTED,-2
DISLIKE,-2
DISMAL,-2
DISMAYED,-2
DISNEY,1
DISORDER,-2
DISORGANIZED,-2
DISPARAGE,-2
DISPARAGED,-2
DISPARAGES,-2
DISPARAGING,-2
DISPLEASED,-2
DISPUTE,-2
DISPUTED,-2
DISPUTES,-2
DISPUTING,-2
DISQUALIFIED,-2
DISQUIET,-2
DISREGARD,-2
DISREGARDED,-2
DISREGARDING,-2
DISREGARDS,-2
DISRESPECT,-2
DISRESPECTED,-2
DISRUPTION,-2
DISRUPTIONS,-2
DISRUPTIVE,-2
DISSATISFIED,-2
DISTANCE,1
DISTORTED,-2
DISTORTING,-2
DISTORTS,-2
DISTRACT,-2
DISTRACTED,-2
DISTRACTION,-2
DISTRACTS,-2
DISTRESS,-2
DISTRESSED,-2
DISTRESSES,-2
DISTRESSING,-2
DISTRUST,-3
DISTRUSTFUL,-3
DISTURB,-2
DISTURBED,-2
DISTURBING,-2
DISTURBS,-2
DISURUH,0
DITHERING,-2
DITINGGAL,-1
DITO,1
DITTO,1
DITUNGGU,3
DIVA,2
DIVERTIDO,1
DIZZY,-1
DKT,1
DLL,1
DLM,1
DLU,1
DMANA,1
DMN,1
DMNA,1
DMS,1
DNG,1
DNK,1
DNT,0
DOA,2
DOAIN,2
DOAKAN,2
DOANG,0
DOANK,0
DOANYA,3
DOC,0
DOCTOR,0
DOCTORS,-1
DOCUMENTARY,1
DODGING,-2
DODGY,-2
DOE,1
DOENTE,-2
DOES NOT WORK,-3
DOESNT,0
DOG,0
DOGS,1
DOI,0
DOIN,1
DOKTER,0
DOLL,2
DOLLAR,1
DOLLARS,1
DOLOR,-2
DOLOROUS,-2
DOM,1
DOMINGO,1
DON,1
DONATE,1
DONE,2
DONG,1
DONGG,1
DONGGG,0
DONGS,1
DONK,1
DONT,0
DONT LIKE,-2
DONUTS,1
DOO,1
DOOD,-1
DOOM,-2
DOOMED,-2
DOONG,1
DOOO,1
DOOONG,0
DOOR,1
DOORS,1
DOPE,3
DOR,-2
DORMI,0
DORMINDO,0
DORMIR,1
DORMIRE,1
DOSA,0
DOSE,1
DOSEN,0
DOT,1
DOUBLE,1
DOUBT,-1
DOUBTED,-1
DOUBTFUL,-1
DOUBTING,-1
DOUBTS,-1
DOUCHE,-3
DOUCHEBAG,-3
DOUCHEN,1
DOUGIE,-1
DOWNCAST,-2
DOWNHEARTED,-2
DOWNLOAD,1
DOWNLOADED,1
DOWNSIDE,-2
DOWNSTAIRS,0
DOWNTOWN,2
DOY,1
DPN,0
DPS,1
DPT,1
DRAG,-1
DRAGGED,-1
DRAGON,1
DRAINED,-2
DRAW,1
DRAWING,1
DREAD,-2
DREADED,-2
DREADFUL,-3
DREADING,-2
DREAM,1
DREAMING,1
DREAMS,1
DREARY,-2
DRESS,1
DRESSED,1
DRESSES,2
DREW,1
DRI,1
DRINK,1
DRINKEN,2
DRINKIN,1
DRINKING,1
DRINKS,2
DRIVE,1
DRIVER,1
DRIVERS,1
DRIVING,1
DRMH,0
DROGA,-2
DROOPY,-2
DROP,-1
DROPPED,0
DROPPING,1
DROVE,1
DROWN,-2
DROWNED,-2
DROWNS,-2
DRPD,1
DRTD,0
DRUG,1
DRUGS,1
DRUK,1
DRUM,1
DRUNK,-2
DRY,0
DSNI,0
DTG,0
DUA,1
DUAS,0
DUBIOUS,-2
DUBLIN,1
DUCK,1
DUD,-2
DUDA,1
DUDE,1
DUDES,1
DUDUK,1
DUELE,-2
DUH,0
DUIT,0
DUKE,2
DUKUNG,1
DULCE,1
DULL,-2
DULU,1
DULUAN,1
DUMB,-3
DUMBASS,-3
DUMP,-1
DUMPS,-1
DUN,1
DUNIA,2
DUNK,1
DUNNO,0
DUPE,-2
DUPED,-2
DURMI,0
DUTY,1
DVD,1
DVR,1
DWN,1
DYA,0
DYE,1
DYING,0
DYSFUNCTION,-2
EAE,2
EAGER,2
EAR,0
EARLIER,1
EARLY,0
EARNEST,2
EARS,0
EARTH,1
EARTHQUAKE,0
EASE,2
EASIER,1
EASILY,1
EAST,1
EASTER,1
EASY,1
EAT,1
EATEN,0
EATING,1
EBAY,0
ECHO,0
ECHT,0
ECSTATIC,4
EDGE,1
EDIT,1
EDITING,1
EDITION,1
EDUCATION,1
EDWARD,1
EEE,1
EEH,1
EENS,1
EERIE,-2
EERST,1
EERSTE,1
EERY,-2
EFF,0
EFFECT,1
EFFECTIVE,2
EFFECTIVELY,2
EFFIN,0
EFFORT,1
EGG,1
EGGS,1
EGO,2
EGT,-1
EHEHE,2
EHEM,1
EHH,1
EHHH,1
EHM,1
EIGENLIJK,1
EINDELIJK,2
EITHER,0
ELATED,3
ELATION,3
ELECTRIC,1
ELEGANT,2
ELEGANTLY,2
ELF,1
ELKAAR,1
ELLA,1
ELLO,2
ELO,0
ELSE,1
ELU,0
EMAIL,1
E-MAIL,1
EMAILS,1
EMAK,0
EMANG,0
EMBARRASS,-2
EMBARRASSED,-2
EMBARRASSES,-2
EMBARRASSING,-2
EMBARRASSMENT,-2
EMBRACE,1
EMERGENCY,-2
EMG,0
EMILY,1
EMINEM,1
EMM,1
EMMA,2
EMNG,0
EMO,0
EMOSI,0
EMOTIONAL,0
EMPATHETIC,2
EMPEZAR,1
EMPIEZA,1
EMPTINESS,-1
EMPTY,-1
ENAK,0
ENAKNYA,1
ENCANTA,2
ENCANTO,2
ENCHANTED,2
ENCONTRAR,1
ENCOURAGE,2
ENCOURAGED,2
ENCOURAGEMENT,2
ENCOURAGES,2
ENCUENTRO,-1
END,1
ENDED,0
ENDING,0
ENDORSE,2
ENDORSED,2
ENDORSEMENT,2
ENDORSES,2
ENDS,1
ENEMIES,-2
ENEMY,-2
ENERGETIC,2
ENERGY,0
ENFIM,1
ENG,1
ENGAGE,1
ENGAGES,1
ENGGA,0
ENGGAK,0
ENGKAU,1
ENGLAND,1
ENGLISH,1
ENGROSSED,1
ENJOY,2
ENJOYED,3
ENJOYING,2
ENJOYS,2
ENK,0
ENLIGHTEN,2
ENLIGHTENED,2
ENLIGHTENS,2
ENNUI,-2
ENOUGH,1
ENRAGE,-2
ENRAGED,-2
ENRAGES,-2
ENRAGING,-2
ENRAPTURE,3
ENSERIO,0
ENSLAVE,-2
ENSLAVED,-2
ENSLAVES,-2
ENSURE,1
ENSURING,1
ENTAH,0
ENTAR,1
ENTENDI,0
ENTER,1
ENTERPRISING,1
ENTERTAIN,1
ENTERTAINING,2
ENTERTAINMENT,1
ENTHRAL,3
ENTHUSIASTIC,3
ENTIENDO,0
ENTIRE,1
ENTITLED,1
ENTRA,0
ENTRAR,0
ENTRO,0
ENTRUSTED,2
ENVIDIA,0
ENVIES,-1
ENVIOUS,-2
ENVY,-1
ENVYING,-1
ENZO,1
EPIC,1
EPISODE,1
EPISODES,0
EQUIPO,1
ERG,0
ERIC,1
ERIN,2
ERM,1
ERR,1
ERRANDS,1
ERRONEOUS,-2
ERROR,-2
ERRORS,-2
ERRR,0
ESAS,1
ESCAPE,-1
ESCAPES,-1
ESCOLA,0
ESCUCHANDO,2
ESCUELA,0
ESO,0
ESOK,1
ESOS,0
ESP,1
ESPECIAL,2
ESPECIALLY,1
ESPERA,1
ESPERANDO,1
ESPERAR,1
ESPERO,1
ESPN,1
ESQUE,0
ESQUECI,-1
ESSAYS,0
ESTAS,1
ESTEEMED,2
ESTO,0
ESTOS,0
ESTUDAR,0
ESTUDIAR,0
ESTUVO,1
ETA,1
ETC,1
ETEN,2
ETHICAL,2
EUPHORIA,3
EUPHORIC,4
EURO,1
EUY,0
EVA,1
EVE,1
EVEN,0
EVENING,2
EVENT,1
EVENTS,1
EVENTUALLY,1
EVER,1
EVERRR,2
EVERY,1
EVERY1,1
EVERYBODY,2
EVERYDAY,1
EVERYTHING,1
EVERYTIME,1
EVERYWHERE,0
EVET,2
EVICTION,-1
EVIL,-3
EWW,0
EWWW,-1
EXACT,1
EXACTLY,1
EXAGGERATE,-2
EXAGGERATED,-2
EXAGGERATES,-2
EXAGGERATING,-2
EXAM,0
EXAMEN,0
EXAMPLE,2
EXAMS,0
EXASPERATED,2
EXCELENTE,3
EXCELLENCE,3
EXCELLENT,3
EXCEPT,0
EXCHANGE,1
EXCITE,3
EXCITED,3
EXCITEMENT,3
EXCITING,3
EXCLUDED,-2
EXCLUSION,-1
EXCLUSIVE,2
EXCUSE,-1
EXEMPT,-1
EXERCISE,1
EXHAUSTED,-2
EXHILARATED,3
EXHILARATES,3
EXHILARATING,3
EXIST,0
EXISTE,1
EXIT,2
EXONERATE,2
EXONERATED,2
EXONERATES,2
EXONERATING,2
EXPAND,1
EXPANDS,1
EXPECT,1
EXPECTED,1
EXPECTING,1
EXPEL,-2
EXPELLED,-2
EXPELLING,-2
EXPELS,-2
EXPENSIVE,-1
EXPERIENCE,1
EXPLAIN,1
EXPLOIT,-2
EXPLOITED,-2
EXPLOITING,-2
EXPLORATION,1
EXPLORATIONS,1
EXPO,1
EXPOSE,-1
EXPOSED,-1
EXPOSES,-1
EXPOSING,-1
EXPRESS,1
EXTEND,1
EXTENDS,1
EXTRA,1
EXTREME,0
EXTREMELY,0
EXUBERANT,4
EXULTANT,3
EXULTANTLY,3
EYE,0
EYEBROWS,1
EYES,0
FAB,2
FACE,1
FACEBOOK,1
FACIAL,1
FACIL,1
FACT,1
FACTOR,2
FACTORY,1
FAD,-2
FAG,-3
FAGGOT,-3
FAGGOTS,-3
FAIL,-2
FAILED,-2
FAILING,-2
FAILS,-2
FAILURE,-2
FAILURES,-2
FAINTHEARTED,-2
FAIR,2
FAIRLY,2
FAITH,1
FAITHFUL,3
FAKE,-3
FAKES,-3
FAKING,-3
FALA,0
FALANDO,0
FALAR,0
FALEI,0
FALL,0
FALLEN,-2
FALLING,-1
FALLS,1
FALO,0
FALOU,0
FALSIFIED,-3
FALSIFY,-3
FALTAN,1
FAM,2
FAME,1
FAMILIA,2
FAMILIAR,2
FAMILY,1
FAMOUS,1
FAN,3
FANCY,1
FANS,1
FANTASTIC,4
FANTASY,1
FAR,1
FARCE,-1
FARM,1
FASCINATE,3
FASCINATED,3
FASCINATES,3
FASCINATING,3
FASCIST,-2
FASCISTS,-2
FASHION,2
FAST,0
FASTER,1
FAT,0
FATALITIES,-3
FATALITY,-3
FATHER,1
FATIGUE,-2
FATIGUED,-2
FATIGUES,-2
FATIGUING,-2
FAULT,0
FAV,2
FAVE,2
FAVOR,2
FAVORED,2
FAVORITED,2
FAVORITES,2
FAVORS,2
FAVOURITE,2
FAVS,2
FAZE,0
FCK,1
FDS,0
FEAR,-2
FEARFUL,-2
FEARING,-2
FEARLESS,2
FEARSOME,-2
FEAT,2
FEATURE,1
FEB,1
FED,0
FED UP,-3
FEEBLE,-2
FEED,1
FEEDBACK,2
FEEL,0
FEELIN,0
FEELING,1
FEELINGS,0
FEELS,1
FEEST,1
FEET,0
FEIRA,1
FELICIDAD,2
FELICIDADES,4
FELIZ,2
FELL,0
FELLOW,2
FELONIES,-3
FELONY,-3
FELT,1
FEMALE,2
FEMALES,2
FEO,-1
FER,1
FERIADO,1
FERVENT,2
FERVID,2
FEST,1
FESTA,1
FESTIVAL,1
FESTIVE,2
FEVER,0
FIASCO,-3
FICANDO,-1
FICOU,0
FIDGETY,-2
FIELD,1
FIETS,1
FIETSEN,0
FIFA,1
FIGHT,-1
FIGHTING,-2
FIGURE,1
FIGURED,2
FIJN,2
FIJNE,3
FILE,0
FILES,0
FILL,1
FILLED,1
FILLING,1
FILM,1
FILME,1
FILMING,1
FILMS,1
FINAL,1
FINALE,0
FINALLY,2
FINALMENTE,3
FINALS,0
FIND,0
FINDE,1
FINDING,1
FINE,2
FINGER,0
FINGERS,1
FINISH,1
FINISHED,1
FINNA,2
FIR,1
FIRE,-2
FIRED,-2
FIRING,-2
FIRST,1
FISH,1
FISIKA,1
FIT,1
FITNESS,1
FITS,1
FIVE,0
FIX,0
FIXED,1
FIXIE,0
FIXING,1
FLAGSHIP,2
FLASH,0
FLAT,0
FLEES,-1
FLIGHT,1
FLIGHTS,0
FLIP,1
FLOOR,1
FLOP,-2
FLOPS,-2
FLOR,2
FLORIDA,1
FLOW,2
FLOWER,2
FLOWERS,1
FLU,-2
FLUSTERED,-2
FLY,1
FLYING,1
FML,-2
FOCUS,1
FOCUSED,2
FODA,0
FOKUS,2
FOLBACK,4
FOLBEK,4
FOLKS,2
FOLL,4
FOLLBACK,4
FOLLBACKNYA,5
FOLLOW,3
FOLLOWBACK,4
FOLLOWED,3
FOLLOWER,2
FOLLOWERS,2
FOLLOWIN,2
FOLLOWING,2
FOLLOWNYA,5
FOLLOWS,2
FOME,-1
FOND,2
FONDNESS,2
FONE,0
FOOD,1
FOODS,1
FOOL,-2
FOOLISH,-2
FOOLS,-2
FOOT,0
FOOTBALL,1
FORCED,-1
FORECLOSURE,-2
FORECLOSURES,-2
FOREST,2
FOREVER,1
FORGET,-1
FORGETFUL,-2
FORGETTING,0
FORGIVE,1
FORGIVING,1
FORGOT,0
FORGOTTEN,-1
FORM,1
FORMA,1
FORREAL,1
FORT,1
FORTUNATE,2
FORUM,1
FORWARD,1
FOSSE,-1
FOTO,1
FOTONYA,1
FOTOS,1
FOUND,1
FOUR,0
FOX,0
FRANCE,0
FRANCISCO,0
FRANKIE,0
FRANTIC,-1
FRAUD,-4
FRAUDS,-4
FRAUDSTER,-4
FRAUDSTERS,-4
FRAUDULENCE,-4
FRAUDULENT,-4
FREAK,1
FREAKIN,0
FREAKING,0
FREE,1
FREEDOM,2
FREEZING,-1
FRENCH,1
FRENTE,1
FRESH,1
FRI,0
FRIDAY,2
FRIDAYS,1
FRIDGE,1
FRIED,1
FRIEND,1
FRIENDLY,2
FRIENDS,1
FRIENDSHIP,1
FRIES,1
FRIGHT,-2
FRIGHTENING,-3
FRIKIN,-2
FRINGE,1
FRIO,0
FRISKY,2
FRM,1
FRONT,1
FROWNING,-1
FROZEN,0
FRUIT,1
FRUSTRATE,-2
FRUSTRATED,-2
FRUSTRATES,-2
FRUSTRATING,-2
FRUSTRATION,-2
FRY,1
FTW,3
FUCK,-4
FUCKED,-4
FUCKER,-4
FUCKERS,-4
FUCKFACE,-4
FUCKHEAD,-4
FUCKIN,0
FUCKING,-4
FUCKTARD,-4
FUD,-3
FUERTE,0
FUKED,-4
FUKING,-4
FULFILL,2
FULFILLED,2
FULFILLS,2
FULL,1
FULLY,1
FUMING,-2
FUN,4
FUNERAL,-1
FUNERALS,-1
FUNKY,2
FUNN,2
FUNNIER,4
FUNNIEST,2
FUNNN,2
FUNNY,4
FURIOUS,-3
FUTILE,2
FUTSAL,1
FUTURE,2
FYI,2
GAA,0
GAADA,-1
GABISA,-1
GADA,-1
GAG,-2
GAGA,1
GAGAL,-1
GAGGED,-2
GAH,-1
GAIN,2
GAINED,2
GAINING,2
GAINS,2
GAJADI,-1
GAK,0
GAL,2
GALAU,0
GALAXY,1
GALERA,2
GALING,3
GALLANT,3
GALLANTLY,3
GALLANTRY,3
GAMAU,-1
GAME,1
GAMES,1
GAMPANG,1
GAN,1
GANA,1
GANAR,1
GANAS,0
GANDA,3
GANG,1
GANGGU,1
GANO,1
GANTENG,2
GAPAPA,1
GAPERNAH,2
GARA,-1
GARA2,-1
GARAGE,1
GARDEN,1
GARGANTA,-2
GARLIC,2
GARY,1
GAS,0
GASUKA,2
GATAU,0
GAUL,1
GAUSAH,1
GAVE,1
GAY,1
GAYA,1
GBU,5
GEAR,1
GEDAAN,1
GEDE,0
GEE,1
GEEK,2
GEEZ,0
GEFELICITEERD,3
GEGETEN,2
GEHAD,1
GEK,0
GEL,1
GELAP,0
GELD,1
GELIJK,1
GELUKKIG,2
GEMIST,-1
GEN,1
GENDUT,0
GENERAL,1
GENEROUS,2
GENIAL,3
GENIUS,2
GENOEG,1
GEORGE,1
GEORGIA,1
GEREJA,1
GERMAN,1
GERMANY,1
GESLAPEN,1
GET,1
GETS,1
GETTIN,1
GETTING,1
GEWEEST,1
GEWELDIG,2
GEWONNEN,2
GEWOON,1
GEWORDEN,1
GEZELLIG,3
GEZIEN,1
GGA,0
GHOST,-1
GIANT,1
GIBI,2
GIDDY,-2
GIFT,2
GIFTS,2
GIG,2
GIGI,0
GIGS,1
GIH,0
GILA,0
GILIRAN,0
GIMANA,0
GIMME,1
GIN,1
GING,1
GINGER,1
GINI,-1
GIRL,2
GIRLFRIEND,1
GIRLIE,2
GIRLS,2
GIRLY,2
GISTEREN,1
GIT,1
GITAR,1
GITU,0
GIVE,1
GIVEN,1
GIVES,1
GLAMOROUS,3
GLAMOUROUS,3
GLASGOW,1
GLASS,1
GLASSES,0
GLEE,3
GLEEFUL,3
GLOBAL,1
GLOOM,-1
GLOOMY,-2
GLORIOUS,2
GLORY,2
GLUM,-2
GMAIL,1
GMANA,0
GMN,0
GMNA,0
GMORNING,4
GNA,1
GNI,-1
GNIGHT,2
G'NIGHT,3
GNITE,2
GNT,1
GOAL,1
GOALS,2
GOD,1
GODDAMN,-3
GODS,1
GODSEND,4
GOED,2
GOEDE,2
GOEDEMORGEN,3
GOEIE,2
GOEIEMORGEN,2
GOES,1
GOIN,1
GOING,1
GOL,1
GOLD,2
GOLDEN,1
GOLF,1
GOMAWO,4
GOMEZ,1
GON,1
GONA,1
GONE,0
GONNA,1
GOO,1
GOOD,3
GOODBYE,0
GOODLUCK,3
GOODMORNING,3
GOODNESS,3
GOODNIGHT,3
GOODNITE,2
GOOGLE,1
GOOO,1
GOOOD,3
GORDA,0
GORENG,1
GORGEOUS,2
GOSH,0
GOSSIP,1
GOSTEI,2
GOSTO,1
GOT,1
GOTTA,1
GOTTEN,0
GOWES,1
GPP,1
GR8,2
GRAAG,1
GRAB,2
GRACE,1
GRACIAS,3
GRACIOUS,3
GRAD,1
GRADE,2
GRADUATE,1
GRADUATION,1
GRAN,2
GRANDE,1
GRANDMA,1
GRANDPA,0
GRANDPARENTS,1
GRANNY,1
GRANTED,1
GRANTING,1
GRANTS,1
GRAS,1
GRASS,1
GRATEFUL,3
GRATIFICATION,2
GRATIS,1
GRAVE,-2
GRAX,2
GRAY,-1
GRAZIE,4
GREAT,3
GREATER,3
GREATEST,3
GREED,-3
GREEDY,-2
GREEK,1
GREEN,1
GREEN WASH,-3
GREEN WASHING,-3
GREENWASH,-3
GREENWASHER,-3
GREENWASHERS,-3
GREENWASHING,-3
GREET,1
GREETED,1
GREETING,1
GREETINGS,2
GREETS,1
GRENADE,1
GREW,1
GREY,-1
GRIEF,-2
GRIEVED,-2
GRILL,2
GRILLED,2
GRIND,1
GRIPE,-2
GROCERY,1
GROSS,-2
GROUND,1
GROUP,1
GROW,1
GROWING,1
GROWN,1
GROWTH,2
GRR,-1
GRRR,-1
GTU,0
GUA,0
GUARANTEE,1
GUD,2
GUESS,0
GUESSING,1
GUEST,2
GUIDE,1
GUILT,-3
GUILTY,-3
GUITAR,1
GULLIBILITY,-2
GULLIBLE,-2
GUM,0
GUMP,2
GUN,-1
GUNA,0
GUNNA,1
GURL,1
GURU,1
GUSTA,1
GUSTO,1
GUT,2
GUTE,3
GUTEN,4
GUTTED,-2
GUY,1
GUYS,1
GUZEL,3
GWN,0
GWS,1
GYM,1
HA,2
HAA,1
HAAA,0
HAAR,1
HAAT,-1
HAB,1
HABER,0
HABIA,0
HABIS,0
HABLA,0
HABLAMOS,1
HABLANDO,1
HABLAR,0
HABLO,0
HACIA,1
HACK,0
HACKED,-1
HADIR,2
HADUH,-1
HAGA,1
HAH,1
HAHA,3
HAHAA,1
HAHAAA,1
HAHAH,1
HAHAHA,3
HAHAHAA,1
HAHAHAH,3
HAHAHAHA,1
HAHAHAHAH,1
HAHAHAHAHA,1
HAHAHAHAHAHA,1
HAHAHART,1
HAHAHHA,1
HAHART,1
HAHHA,1
HAHHAA,1
HAHHAHA,1
HAII,3
HAIII,2
HAIL,2
HAILED,2
HAIR,1
HAIRCUT,1
HAL,1
HALA,1
HALEN,1
HALF,1
HALFWAY,0
HALL,1
HALLO,3
HALO,3
HALOO,3
HALOOO,3
HAM,1
HAMBRE,-1
HAND,1
HANDLE,1
HANDS,1
HANDSOME,2
HANG,1
HANGIN,2
HANGING,2
HANGOUT,1
HANGOVER,0
HANNAH,1
HANYA,1
HAPE,0
HAPLESS,-2
HAPLESSNESS,-2
HAPPEN,0
HAPPENED,0
HAPPENING,0
HAPPENS,1
HAPPIER,2
HAPPIEST,2
HAPPILY,2
HAPPINESS,3
HAPPPY,3
HAPPY,3
HARAPAN,1
HARD,-1
HARDCORE,1
HARDER,0
HARDEST,0
HARDIER,2
HARDLY,0
HARDSHIP,-2
HARDY,2
HARE,1
HARGA,1
HARI,1
HARM,-2
HARMED,-2
HARMFUL,-2
HARMING,-2
HARMS,-2
HARRY,2
HARSH,-2
HARSHER,-2
HARSHEST,-2
HARUS,1
HARUSNYA,0
HASHTAG,2
HASIL,1
HASILNYA,1
HASNT,-1
HAT,1
HATE,-3
HATED,-3
HATER,1
HATERS,-3
HATES,-3
HATI,1
HATI2,2
HATIKU,1
HATING,-3
HAUNT,-1
HAUNTED,-2
HAUNTING,1
HAUNTS,-1
HAV,1
HAVENT,0
HAVIN,1
HAVNT,0
HAVOC,-2
HAWAII,1
HAYA,1
HAYO,1
HAYOO,1
HAYU,0
HAZ,0
HBD,4
HBS,0
HBU,3
HEAD,0
HEADACHE,-2
HEADING,1
HEADPHONES,0
HEADS,1
HEALTH,1
HEALTHY,2
HEAR,1
HEARING,1
HEARTBREAKING,-3
HEARTBROKEN,-3
HEARTFELT,3
HEARTS,1
HEAT,1
HEAVEN,2
HEAVENLY,4
HEAVYHEARTED,-2
HEBBEN,1
HEBT,1
HECHO,1
HECK,1
HEE,2
HEECHUL,-1
HEEE,1
HEEEY,2
HEEL,1
HEELS,1
HEEN,1
HEERLIJK,3
HEEY,3
HEH,1
HEHE,2
HEHEE,2
HEHEH,2
HEHEHE,2
HEHEHEH,2
HEHEHEHE,2
HEHERT,1
HEHHE,2
HEII,2
HEIN,1
HELAAS,-1
HELADO,0
HELD,1
HELE,0
HELEMAAL,0
HELL,-4
HELLA,1
HELLO,3
HELLOO,3
HELLOOO,2
HELP,2
HELPED,2
HELPFUL,2
HELPING,2
HELPLESS,-2
HELPS,2
HEN,1
HEPI,3
HERMANA,0
HERMANO,1
HERMOSA,2
HERMOSO,2
HERO,2
HEROES,2
HEROIC,3
HES,1
HESITANT,-2
HESITATE,-2
HEUTE,2
HEY,2
HEYY,2
HEYYY,2
HHA,1
HHAA,1
HHAHA,1
HHE,2
HHEHE,2
HHH,-1
HHI,1
HICE,0
HID,-1
HIDE,-1
HIDES,-1
HIDING,-1
HIDUP,1
HIGH,1
HIGHER,2
HIGHLIGHT,2
HIGHLY,1
HIHI,2
HIHIHI,2
HII,2
HIII,2
HIKS,-2
HILANG,0
HILARIOUS,2
HILL,1
HILLS,1
HINDI,1
HINDRANCE,-2
HINT,2
HIP,1
HISTORIA,1
HISTORY,1
HITS,1
HITTIN,2
HITTING,1
HIYA,2
HIZO,0
HMM,1
HMMM,1
HMU,2
HOAX,-2
HOCKEY,1
HOES,2
HOHO,1
HOHOHO,2
HOI,2
HOLA,2
HOLAA,3
HOLAAA,3
HOLD,1
HOLDING,1
HOLE,0
HOLIDAY,1
HOLIDAYS,0
HOLLA,2
HOLLY,1
HOLLYWOOD,1
HOLY,1
HOMBRE,1
HOME,1
HOMEE,1
HOMEEE,1
HOMEMADE,3
HOMESICK,-2
HOMETOWN,1
HOMEWORK,0
HOMIE,2
HOMIES,1
HOMO,1
HONEST,2
HONESTLY,1
HONEY,1
HONORED,2
HONORING,2
HONOUR,2
HONOURED,2
HONOURING,2
HOO,1
HOOD,1
HOODIE,1
HOOK,2
HOOLIGAN,-2
HOOLIGANISM,-2
HOOLIGANS,-2
HOOO,1
HOOP,1
HOOR,1
HOORAY,2
HOP,2
HOPE,2
HOPEFUL,2
HOPEFULLY,2
HOPELESS,-2
HOPELESSNESS,-2
HOPES,2
HOPING,2
HORA,1
HORRENDOUS,-3
HORRIBLE,-3
HORRIFIC,-3
HORRIFIED,-3
HORROR,0
HORSE,1
HOSPITAL,-1
HOST,1
HOSTILE,-2
HOSTING,1
HOT,1
HOTEL,1
HOU,1
HOUR,0
HOURS,0
HOUSE,1
HOUSEWIVES,1
HOWARD,1
HOWEVER,1
HOWS,2
HOY,1
HRI,1
HRS,0
HRUS,0
HTC,1
HUAAA,-1
HUB,1
HUBBY,1
HUCKSTER,-2
HUFT,-1
HUG,2
HUGE,1
HUGS,2
HUH,0
HUHU,-1
HUHUHU,-1
HUIS,1
HUISWERK,0
HUJAN,0
HUM,1
HUMAN,1
HUMEROUS,3
HUMILIATED,-3
HUMILIATION,-3
HUMOR,2
HUMOROUS,2
HUMOUR,2
HUMOUROUS,2
HUNG,0
HUNGER,-2
HUNGOVER,0
HUNGRY,-1
HUNNY,1
HUNT,1
HUNTING,1
HURRAH,5
HURRY,1
HURT,-2
HURTING,-2
HURTS,-2
HUSBAND,1
HUSH,1
HUT,1
HUUU,-1
HVE,1
HYPE,1
HYPOCRITICAL,-2
HYSTERIA,-3
HYSTERICAL,-3
HYSTERICS,-3
IAA,1
IAH,1
IAM,1
IAN,1
IBADAH,3
IBU,1
ICE,1
ICECREAM,1
ICED,1
ICHA,2
ICIN,2
ICON,2
IDC,2
IDD,1
IDE,1
IDEA,1
IDEAL,2
IDEAS,1
IDEE,1
IDIOT,-3
IDIOTIC,-3
IDIOTS,1
IDK,0
IDO,-1
IDOL,1
IDUNG,-1
IEDEREEN,0
IEMAND,0
IETS,1
IGNORANCE,-2
IGNORANT,-2
IGNORE,-1
IGNORED,-2
IGNORES,-1
IGNORING,0
IGUAL,1
IGUALMENTE,4
IHH,0
IHHH,-1
IHOP,2
IIA,1
IIH,0
III,1
IKAN,0
IKAW,2
IKEA,1
IKHLAS,1
IKI,0
IKLAN,1
IKR,0
IKT,0
IKU,0
IKUT,0
IKUTAN,0
ILANG,-1
ILL,-2
ILLEGAL,-3
ILLITERACY,-2
ILLNESS,-2
ILLNESSES,-2
ILOVE,3
ILOVEYOU,2
ILY,2
IMA,1
I'MA,1
IMAGE,1
IMAGINE,1
IMAGINO,0
IMBECILE,-3
IMMA,1
IMMOBILIZED,-1
IMMORTAL,2
IMMUNE,1
IMPATIENT,-2
IMPERFECT,-2
IMPIAN,3
IMPORTA,1
IMPORTANCE,2
IMPORTANT,2
IMPORTANTE,1
IMPOSE,-1
IMPOSED,-1
IMPOSES,-1
IMPOSING,-1
IMPOSSIBLE,0
IMPOTENT,-2
IMPRESS,3
IMPRESSED,3
IMPRESSES,3
IMPRESSIVE,3
IMPRISONED,-2
IMPROVE,2
IMPROVED,2
IMPROVEMENT,2
IMPROVES,2
IMPROVING,2
IMUT,2
IMY,0
INA,1
INABILITY,-2
INACTION,-2
INADEQUATE,-2
INBOX,1
INC,2
INCAPABLE,-2
INCAPACITATED,-2
INCENSED,-2
INCEPTION,2
INCLUDE,1
INCLUDING,0
INCOMPETENCE,-2
INCOMPETENT,-2
INCONSIDERATE,-2
INCONVENIENCE,-2
INCONVENIENT,-2
INCREASE,1
INCREASED,1
INCREDIBLE,2
INCREDIBLY,1
INCREIBLE,2
INDAH,2
INDECISIVE,-2
INDEED,2
INDESTRUCTIBLE,2
INDIA,0
INDIAN,0
INDIANA,0
INDIFFERENCE,-2
INDIFFERENT,-2
INDIGNANT,-2
INDIGNATION,-2
INDOCTRINATE,-2
INDOCTRINATED,-2
INDOCTRINATES,-2
INDOCTRINATING,-2
INDONESIA,2
INEFFECTIVE,-2
INEFFECTIVELY,-2
INFATUATED,2
INFATUATION,2
INFECTED,-2
INFERIOR,-2
INFLAMED,-2
INFLUENTIAL,2
INFONYA,3
INFORMATION,2
INFRINGEMENT,-2
INFURIATE,-2
INFURIATED,-2
INFURIATES,-2
INFURIATING,-2
ING,1
INGAT,1
INGIN,1
INGLES,1
INHIBIT,-1
INJURED,-2
INJURY,-2
INJUSTICE,-2
INK,1
INNOVATE,1
INNOVATES,1
INNOVATION,1
INNOVATIVE,2
INQUISITION,-2
INQUISITIVE,2
INSANE,-2
INSANITY,-2
INSECURE,-2
INSENSITIVE,-2
INSENSITIVITY,-2
INSIDE,0
INSIGNIFICANT,-2
INSIPID,-2
INSPIRATION,2
INSPIRATIONAL,2
INSPIRE,2
INSPIRED,2
INSPIRES,2
INSPIRING,3
INSTALL,0
INSTALLED,1
INSTANT,1
INSTEAD,0
INSULT,-2
INSULTED,-2
INSULTING,-2
INSULTS,-2
INSURANCE,0
INSYA,2
INTACT,2
INTEGRITY,2
INTELLIGENT,2
INTENSE,1
INTER,1
INTEREST,1
INTERESTED,2
INTERESTING,2
INTERESTS,1
INTERNATIONAL,1
INTERNET,0
INTERROGATED,-2
INTERRUPT,-2
INTERRUPTED,-2
INTERRUPTING,-2
INTERRUPTION,-2
INTERRUPTS,-2
INTERVIEW,2
INTERVIEWS,1
INTIMIDATE,-2
INTIMIDATED,-2
INTIMIDATES,-2
INTIMIDATING,-2
INTIMIDATION,-2
INTRICATE,2
INTRIGUES,1
INTRO,3
INVINCIBLE,2
INVITE,1
INVITED,0
INVITING,1
INVOLVED,1
INVULNERABLE,2
IOS,1
IPA,1
IPAD,1
IPHONE,1
IPOD,0
IPS,1
IRATE,-3
IRE,1
IRELAND,1
IRI,-1
IRISH,2
IRME,0
IRON,1
IRONIC,-1
IRONY,-1
IRRATIONAL,-1
IRRESISTIBLE,2
IRRESOLUTE,-2
IRREVERSIBLE,-1
IRRITATE,-3
IRRITATED,-3
IRRITATING,-3
ISA,0
ISH,0
ISI,0
ISLAND,2
ISNT,0
ISO,0
ISOLATED,-1
ISS,0
ISSUE,1
ISSUES,0
ISTIRAHAT,1
ITALIAN,2
ITALY,1
ITCHY,-2
IT'D,1
ITEM,1
ITEMS,1
IT'LL,1
ITT,1
ITTT,1
ITUNES,1
IVE,0
IYA,1
IYAA,1
IYAAA,1
IYAH,1
IYE,1
IYI,4
IYO,1
JAA,1
JAAA,1
JAAR,1
JACK,1
JACKASS,-4
JACKASSES,-4
JACKET,1
JACKSON,1
JACOB,1
JADI,0
JADIAN,1
JADINYA,0
JADWAL,0
JAGA,1
JAH,0
JAHAT,-1
JAIL,0
JAILED,-2
JAJA,1
JAJAJ,1
JAJAJA,1
JAJAJAJ,1
JAJAJAJA,1
JAJAJAJAJ,1
JAJAJAJAJA,1
JAJAJAJAJAJA,0
JAK,1
JAKARTA,1
JAKE,1
JALAN,0
JALAN2,1
JAM,1
JAMAN,1
JAMMER,-1
JAMMIN,3
JAMMING,3
JAN,1
JANE,1
JANGAN,1
JANJI,0
JANTAR,2
JAPAN,0
JAPANESE,1
JAR,1
JARANG,0
JARIG,2
JASMINE,2
JASON,1
JATUH,1
JAUH,0
JAUNTY,2
JAVA,1
JAVAJAZZ,0
JAWA,1
JAWAB,1
JAY,1
JAZZ,1
JDI,0
JEALOUS,-2
JEANS,1
JEFF,1
JEITO,0
JEJE,1
JEJEJE,2
JELAS,0
JELEK,0
JELLY,1
JEMPUT,0
JEN,1
JENG,1
JENNIFER,2
JENNY,1
JEOPARDY,-2
JEREMY,1
JERK,-3
JERRY,1
JERSEY,1
JESS,1
JESSICA,2
JESSIE,2
JESUS,1
JET,1
JEWEL,1
JEWELS,1
JGA,1
JGN,1
JIAH,1
JIJI,1
JIKA,1
JIM,2
JIMMY,1
JIWA,1
JJF,1
JKT,0
JLN,1
JOB,1
JOCULAR,2
JODOH,1
JOE,1
JOGANDO,1
JOGAR,1
JOGGING,1
JOGJA,1
JOH,1
JOHNNY,2
JOHNSON,2
JOINED,2
JOINT,1
JOKES,2
JOKING,1
JOLLY,2
JOMBLO,1
JON,1
JONAS,1
JONES,2
JORDAN,1
JOSE,1
JOSH,1
JOURNEY,1
JOVIAL,2
JOY,3
JOYFUL,3
JOYFULLY,3
JOYLESS,-2
JOYOUS,3
JST,1
JUA,1
JUAL,1
JUAN,1
JUARA,2
JUBILANT,3
JUDGE,2
JUEGO,0
JUEVES,1
JUGAA,1
JUGAAA,1
JUGANDO,1
JUGAR,0
JUICE,1
JUJUR,1
JULIA,1
JULIE,1
JULIET,2
JULLIE,1
JULY,1
JUM,-1
JUMAT,1
JUM'AT,1
JUMP,1
JUMPA,1
JUMPED,0
JUMPING,1
JUMPY,-1
JUNE,1
JUNIOR,1
JUNK,1
JUNTO,1
JUNTOS,1
JURO,0
JURUSAN,2
JUS,1
JUSS,1
JUSTIFIABLY,2
JUSTIFIED,2
JUSTIN,1
JUSTO,0
JUVE,1
KAA,2
KAAA,1
KABAR,2
KABARIN,2
KABARNYA,2
KACAMATA,1
KADANG,1
KADAR,2
KADO,1
KAGA,0
KAGAK,0
KAH,1
KAK,2
KAKA,1
KAKAK,1
KAKI,-1
KALAH,0
KALAU,1
KALI,0
KALIAN,1
KALO,1
KAMAR,0
KAMBUH,-2
KAMER,1
KAMI,1
KAMIS,0
KAMPUNG,1
KAMPUS,0
KAMU,1
KAMUNYA,1
KAMUU,1
KANAN,0
KANG,1
KANGEEEN,-1
KANGEN,-1
KANINA,1
KANTOR,0
KAPAN,0
KAPAN2,1
KAPOT,-1
KARAOKE,1
KARATE,2
KAREN,1
KARENA,1
KARMA,1
KARNA,1
KARTU,0
KASI,1
KASIAN,-1
KASIH,2
KAT,1
KATA,1
KATE,1
KATIE,1
KATY,2
KAY,2
KAYA,0
KAYAK,0
KAYAKNYA,0
KAYANYA,0
KAYO,2
KBAR,2
KBR,2
KEADAAN,0
KEBANGUN,-1
KECEWA,-1
KECIL,1
KEDUA,1
KEEN,1
KEEP,1
KEEPING,1
KEEPS,0
KEER,1
KEITH,1
KEK,0
KELAR,1
KELAS,1
KELIATAN,1
KELLY,1
KELUAR,0
KEMANA,0
KEMAREN,0
KEMARIN,1
KEMBALI,1
KEN,1
KENA,0
KENAL,3
KENALAN,2
KENANGAN,1
KENAPA,-1
KENNY,2
KENYANG,2
KEPADA,2
KEPALA,-1
KEPIKIRAN,-1
KEPT,0
KERASA,0
KEREN,2
KERJA,1
KERJAAN,0
KERUMAH,0
KESANA,0
KESEL,-1
KESEPIAN,-1
KESIAN,-1
KESINI,0
KETAWA,1
KETEMU,0
KETEMUAN,1
KETIDURAN,0
KETIKA,1
KETINGGALAN,-1
KEVIN,1
KEY,1
KEYBOARD,1
KEYS,0
KFC,1
KGA,0
KGN,-1
KICK,1
KICKED,0
KICKING,1
KICKS,1
KID,1
KIDDING,1
KIDS,1
KIERO,0
KIJK,2
KIJKEN,2
KIKI,1
KILL,-3
KILLED,-3
KILLER,0
KILLIN,0
KILLING,-3
KILLS,-3
KIM,1
KIMIA,1
KIND,2
KINDA,1
KINDER,2
KING,2
KINGS,1
KIRA,1
KIRAIN,1
KIRI,0
KIRIM,1
KISS,2
KISSES,2
KIT,1
KITCHEN,1
KITE,1
KITTY,0
KKA,2
KKK,0
KLAAR,2
KLAS,1
KLO,1
KLOPT,1
KLS,2
KLU,1
KLUAR,0
KMANA,0
KMAREN,0
KMN,0
KMNA,0
KMREN,0
KMRN,0
KMU,1
KNAL,3
KNAPA,-1
KNEE,-1
KNEW,1
KNICKS,1
KNIGHT,1
KNO,1
KNOCK,1
KNOCKED,0
KNOW,1
KNOWING,1
KNOWLEDGE,2
KNOWN,1
KNOWS,1
KNOWW,0
KNOWWW,0
KNP,0
KNPA,0
KNW,1
KOBE,2
KOE,0
KOFFIE,3
KOG,1
KOK,1
KOMEN,1
KON,0
KONDANGAN,0
KONG,1
KONSER,0
KOOL,2
KOPI,1
KOQ,0
KOREA,1
KOREAN,1
KOS,1
KOSAN,0
KOSONG,0
KOST,0
KOTA,1
KOUD,-1
KPAN,0
KPN,0
KRIS,1
KRN,1
KRNA,0
KSA,0
KSH,1
KTA,1
KTEMU,0
KTMU,0
KUAT,0
KUCING,0
KUDOS,3
KUDU,0
KUE,1
KUL,1
KULIAH,0
KUMPUL,1
KUNG,1
KURUS,0
KUT,-1
KUYA,2
KUYT,2
KYA,0
KYK,0
KYKNYA,0
KYLE,1
LAA,1
LAAA,0
LAAH,0
LAAT,1
LAATSTE,0
LAB,0
LACK,-2
LACKADAISICAL,-2
LAD,1
LADIES,2
LADILLA,-1
LADO,1
LADS,2
LADY,0
LAEN,1
LAG,-1
LAGGED,-2
LAGGING,-2
LAGI,0
LAGII,0
LAGIII,0
LAGS,-2
LAGU,1
LAGUNYA,1
LAH,1
LAHH,0
LAHIR,2
LAID,1
LAIN,1
LAINNYA,2
LAKE,2
LAKERS,2
LAKUKAN,1
LALA,1
LALU,1
LAM,2
LAMA,0
LAMA2,0
LAME,-2
LAMPU,-1
LAN,1
LANCAR,3
LAND,1
LANDED,1
LANDMARK,2
LANE,1
LANGE,0
LANGGENG,3
LANGS,2
LANGSUNG,1
LANGUAGE,1
LANJUT,2
LAP,1
LAPAR,-1
LAPER,-1
LAPTOP,0
LARGE,1
LARI,0
LAST,0
LASTIMA,-1
LASTNIGHT,1
LATE,-1
LATELY,0
LATEN,1
LATER,1
LATEST,1
LATIAN,1
LATIHAN,1
LATTE,1
LAU,1
LAUGH,1
LAUGHED,1
LAUGHING,1
LAUGHS,1
LAUGHTER,2
LAUGHTING,1
LAUNCH,1
LAUNCHED,1
LAUNDRY,1
LAURA,1
LAUREN,1
LAW,1
LAWAN,1
LAWL,3
LAWSUIT,-2
LAWSUITS,-2
LAY,1
LAYING,1
LAZY,-1
LBH,1
LBS,1
LEAD,1
LEADER,2
LEAGUE,1
LEAK,-1
LEAKED,-1
LEARNED,1
LEARNING,2
LEAVES,0
LEAVIN,0
LEAVING,0
LEBAY,0
LEBIH,2
LEBRON,1
LECTURE,0
LED,1
LEE,1
LEEDS,1
LEER,1
LEFT,0
LEG,0
LEGAL,1
LEGALLY,1
LEGEND,2
LEGIT,1
LEGS,0
LEH,0
LEJOS,-1
LEK,0
LEKKER,2
LEMES,-1
LEMME,2
LEMON,1
LEMOT,-1
LENGKAP,0
LENIENT,1
LENT,1
LEO,1
LEPAS,1
LER,1
LEREN,0
LESS,1
LESSON,1
LESSONS,1
LET,1
LETHARGIC,-2
LETHARGY,-2
LETS,2
LETTER,1
LETTERS,1
LETTING,1
LEUK,2
LEUKE,2
LEVAR,0
LEVEL,1
LEVEN,1
LEWAT,1
LGI,1
LGSG,0
LHA,0
LHO,1
LHOO,0
LIA,1
LIAM,1
LIAR,-3
LIARS,-3
LIAT,0
LIBRARY,0
LIBRE,1
LIBUR,0
LIBURAN,0
LICENSE,1
LIE,1
LIED,-2
LIEF,2
LIES,1
LIEVE,1
LIFE,1
LIFESAVER,4
LIFT,1
LIG,1
LIGA,1
LIGAR,0
LIGGEN,1
LIGHT,1
LIGHTHEARTED,1
LIGHTS,1
LIGO,1
LIGT,0
LIHAT,1
LIKE,2
LIKED,2
LIKELY,1
LIKES,2
LIKING,1
LIL,1
LIMIT,1
LIMITATION,-1
LIMITS,-1
LIN,1
LINDA,2
LINDAS,1
LINDO,2
LINDOS,2
LINE,1
LINES,1
LINK,1
LINKS,1
LION,1
LIP,0
LIPS,1
LIQUOR,1
LISA,1
LIST,1
LISTA,2
LISTEN,1
LISTENED,2
LISTENIN,2
LISTENING,2
LISTO,2
LIT,1
LITERALLY,0
LITIGATION,-1
LITIGIOUS,-2
LITTLE,1
LIV,1
LIVE,1
LIVED,0
LIVELY,2
LIVERPOOL,2
LIVES,1
LIVID,-2
LIVIN,2
LIVING,1
LIZ,2
LLAMA,1
LLEGA,0
LLEGANDO,2
LLEGO,0
LLEGUE,1
LLEVO,0
LLORAR,-1
LLS,2
LLUVIA,1
LMAO,4
LMAOO,1
LMAOOO,1
LMBO,2
LMFAO,4
LMFAOO,1
LNG,1
LOAD,0
LOADS,1
LOATHE,-3
LOATHED,-3
LOATHES,-3
LOATHING,-3
LOBBY,-2
LOBBYING,-2
LOBSTER,2
LOCA,1
LOCATION,1
LOCK,1
LOCKED,0
LOCO,0
LOE,1
LOG,0
LOGO,0
LOH,1
LOL,3
LOLA,1
LOLL,1
LOLLL,1
LOLOL,1
LOLS,2
LOLZ,1
LOMBA,1
LONDON,1
LONELY,-2
LONESOME,-2
LONG,1
LONGER,0
LONGEST,0
LONGING,-1
LONGLAST,4
LOO,0
LOOK,1
LOOKED,1
LOOKIN,2
LOOKING,1
LOOL,2
LOOM,-1
LOOMED,-1
LOOMING,-1
LOOONG,1
LOOOVE,3
LOOP,1
LOOSES,-3
LOPEN,0
LOR,0
LORD,1
LOSE,0
LOSER,-3
LOSS,-3
LOST,-3
LOT,1
LOTS,1
LOUD,1
LOUIS,1
LOUNGE,1
LOVABLE,3
LOVE,3
LOVED,3
LOVEE,3
LOVEEE,3
LOVELIES,3
LOVELY,3
LOVER,2
LOVERS,2
LOVES,2
LOVIN,3
LOVING,2
LOW,0
LOWER,0
LOWEST,-1
LOYAL,3
LOYALTY,3
LUAR,1
LUCAS,1
LUCK,3
LUCKILY,3
LUCKY,3
LUCU,2
LUCY,1
LUEGO,1
LUGAR,1
LUGUBRIOUS,-2
LUIS,1
LUKE,1
LULUS,2
LUMAYAN,2
LUNA,1
LUNATIC,-3
LUNATICS,-3
LUNCH,1
LUNES,0
LUPA,1
LURK,-1
LURKING,-1
LURKS,-1
LUSH,2
LUV,2
LUZ,0
LYING,1
LYK,0
LYRICS,2
MAACI,3
MAACIH,3
MAAF,0
MAAFIN,0
MAAFKAN,-1
MAAK,1
MAAKT,1
MA'AM,2
MAANDAG,1
MAAP,0
MAAV,0
MAC,1
MACAM,0
MACBOOK,0
MACET,0
MACHINE,1
MAD,-3
MADDENING,-3
MADE,1
MADE-UP,-1
MADLY,-3
MADNESS,-3
MADRE,1
MADRID,1
MADRUGADA,1
MAE,0
MAEN,0
MAG,1
MAGAZINE,2
MAGHRIB,2
MAGIC,1
MAGNUM,0
MAGRIB,2
MAH,0
MAHAL,0
MAI,0
MAIL,1
MAIN,1
MAJOR,0
MAK,0
MAKA,1
MAKAN,0
MAKAN2,2
MAKANAN,0
MAKANYA,0
MAKASI,4
MAKASIH,4
MAKASIHH,4
MAKASII,4
MAKASIIH,4
MAKE,1
MAKEN,1
MAKES,1
MAKEUP,1
MAKIN,1
MAKING,1
MAKSUD,1
MAKSUDNYA,1
MAL,-1
MALA,0
MALAH,-1
MALAM,1
MALANG,1
MALAS,0
MALAYSIA,1
MALDITA,-1
MALDITO,-1
MALE,1
MALEM,1
MALES,-1
MALL,2
MALMING,0
MALO,0
MALU,1
MAM,1
MAMA,1
MAMAH,0
MAMI,1
MAMPIR,1
MANA,1
MANAGE,1
MANAGED,1
MANAGEMENT,1
MANAGER,1
MANANA,1
MANCHESTER,1
MANDA,1
MANDAR,1
MANDATORY,-1
MANDE,1
MANDEI,1
MANDI,1
MANDO,1
MANE,1
MANEH,0
MANG,1
MANGGIL,1
MANGO,1
MANHA,0
MANIPULATED,-1
MANIPULATING,-1
MANIPULATION,-1
MANIS,2
MANN,0
MANNN,0
MANO,0
MANTAN,1
MANTAP,2
MANU,1
MANUSIA,1
MANY,1
MAO,0
MAP,1
MAR,1
MARA,1
MARAH,0
MARATHON,2
MARCH,1
MARCO,1
MARDI,1
MARET,1
MARI,2
MARIA,1
MARIO,2
MARK,1
MARKET,1
MARKETING,1
MARKS,0
MARRIAGE,2
MARRIED,1
MARRY,2
MARS,1
MARTES,0
MARTIN,2
MARVEL,3
MARVELOUS,3
MARVELS,3
MARY,1
MARZO,1
MASA,0
MASAK,1
MASALAH,1
MASAMA,4
MASI,0
MASIH,0
MASK,1
MASS,1
MASSA,1
MASSAGE,1
MASSIVE,0
MASTER,1
MASTERPIECE,4
MASTERPIECES,4
MASUK,0
MAT,1
MATA,0
MATANYA,1
MATAR,0
MATCH,1
MATE,2
MATERIAL,1
MATES,1
MATH,0
MATHS,0
MATI,-1
MATT,1
MATTER,1
MATTERS,1
MAUNYA,0
MAUU,0
MAUUU,0
MAX,1
MAY,1
MAYA,1
MAYOR,1
MBA,1
MBAH,1
MBAK,2
MBK,1
MCD,1
MCDONALD,1
MCDONALDS,1
MCFLY,0
MCM,0
MEAL,2
MEAN,1
MEANING,1
MEANINGFUL,2
MEANINGLESS,-2
MEANS,1
MEANT,1
MEAT,1
MEDAL,3
MEDAN,1
MEDIA,1
MEDICINE,0
MEDIO,0
MEDIOCRITY,-3
MEDITATIVE,1
MEDO,-1
MEDS,0
MEE,1
MEEE,1
MEER,0
MEET,1
MEETING,1
MEETINGS,0
MEGA,1
MEGAN,1
MEH,0
MEI,1
MEIO,0
MEJOR,2
MEJORES,2
MEL,1
MELANCHOLY,-2
MELBOURNE,1
MELHOR,1
MELIHAT,1
MELT,1
MEMANG,1
MEMBER,1
MEMBERS,1
MEMBUAT,1
MEMORIES,1
MEMORY,1
MENACE,-2
MENACED,-2
MENANG,2
MENARIK,3
MENCARI,2
MENCOBA,2
MENDADAK,-1
MENDING,0
MENDINGAN,1
MENDUNG,0
MENGERTI,1
MENIKMATI,2
MENINA,0
MENINAS,1
MENINGGAL,-1
MENJADI,2
MENSAJE,1
MENSEN,1
MENTAL,1
MENTION,2
MENTIONED,2
MENTIONS,1
MENTIRA,0
MENU,1
MENUJU,2
MENUNGGU,1
MENURUT,2
MENYENANGKAN,2
MERAH,0
MERASA,1
MERAYAKAN,4
MERCI,5
MERCY,2
MERDA,-1
MERECE,0
MEREKA,1
MERRY,3
MESES,0
MESS,-2
MESSAGE,1
MESSAGES,1
MESSED,-2
MESSING UP,-2
MESSY,1
MESTI,0
METAL,1
METHODICAL,2
METRO,1
MEXICAN,2
MEXICO,1
MGA,1
MGKN,1
MIA,1
MIAMI,1
MICH,1
MICHELLE,1
MICHIGAN,1
MICKEY,1
MID,1
MIDDLE,1
MIDNIGHT,1
MIDTERM,0
MIE,0
MIEDO,-1
MIERDA,0
MIGHT,1
MIGHTY,2
MIGRAINE,-2
MII,0
MIJN,1
MIKE,1
MIKIRIN,0
MIL,1
MILAN,1
MILE,1
MILES,1
MILEY,2
MILK,1
MILKSHAKE,1
MILLER,2
MILLION,1
MILLIONS,2
MIMI,0
MIMIMI,-4
MIMPI,0
MIND,1
MINDER,0
MINDLESS,-2
MINDS,2
MINES,1
MINGGU,1
MINGGUAN,1
MINI,1
MINS,1
MINT,2
MINTA,1
MINUM,0
MINUS,0
MINUTE,0
MINUTEN,1
MINUTES,0
MINUTOS,0
MIRA,1
MIRACLE,4
MIRIP,1
MIRROR,1
MIRTH,3
MIRTHFUL,3
MIRTHFULLY,3
MISBEHAVED,-2
MISBEHAVES,-2
MISBEHAVING,-2
MISCHIEF,-1
MISCHIEFS,-1
MISERABLE,-3
MISERY,-2
MISGIVING,-2
MISINFORMATION,-2
MISINFORMED,-2
MISINTERPRETED,-2
MISLEADING,-3
MISMA,1
MISREAD,-1
MISREPORTING,-2
MISREPRESENTATION,-2
MISS,-2
MISSCHIEN,1
MISSED,-2
MISSES,0
MISSIN,-1
MISSING,-2
MISSION,1
MISSS,-1
MISTAKE,-2
MISTAKEN,-2
MISTAKES,-2
MISTAKING,-2
MISTER,2
MISUNDERSTAND,-2
MISUNDERSTANDING,-2
MISUNDERSTANDS,-2
MISUNDERSTOOD,-2
MIX,1
MIXED,1
MIXTAPE,2
MKAN,0
MKASIH,4
MKN,0
MKSH,3
MKSIH,3
MLM,1
MLS,0
MMG,1
MMM,2
M'N,0
MNA,1
MNTA,1
MOAN,-2
MOANED,-2
MOANING,-2
MOANS,-2
MOBIL,0
MOBILE,0
MOCK,-2
MOCKED,-2
MOCKING,-2
MOCKS,-2
MODE,1
MODEL,2
MODEM,0
MODERN,2
MOE,0
MOET,0
MOETEN,0
MOGA,2
MOHON,2
MOM,1
MOMENT,1
MOMENTO,0
MOMENTOS,0
MOMENTS,1
MOMMA,2
MOMMY,1
MOMS,1
MONDAY,1
MONDAYS,0
MONEY,0
MONGERING,-2
MONICA,2
MONKEY,1
MONOPOLIZE,-2
MONOPOLIZES,-2
MONOPOLIZING,-2
MONSTER,1
MONSTERS,2
MONTANA,1
MONTE,1
MONTH,1
MONTHS,1
MONTREAL,1
MOOD,1
MOODY,-1
MOOI,3
MOOIE,2
MOON,2
MOPE,-1
MOPING,-1
MORGAN,1
MORIR,0
MORN,1
MORNIN,2
MORNING,2
MORNINGG,3
MORNINGGG,3
MORNINGS,1
MORON,-3
MORRENDO,-1
MOSTLY,1
MOTHER,1
MOTHERFUCKER,-5
MOTHERFUCKING,-5
MOTHERS,1
MOTIVATE,1
MOTIVATED,2
MOTIVATING,2
MOTIVATION,1
MOTOR,0
MOUNTAIN,1
MOURN,-2
MOURNED,-2
MOURNFUL,-2
MOURNING,-2
MOURNS,-2
MOUSE,0
MOUTH,0
MOVE,1
MOVED,1
MOVES,2
MOVIE,2
MOVIES,2
MOVING,1
MPE,0
MRS,1
MSG,1
MSH,0
MSIH,0
MSK,0
MSM,0
MSN,0
MSUK,0
MTK,1
MTO,0
MTV,1
MUAH,2
MUCH,1
MUCHA,0
MUCHAS,2
MUCHO,1
MUDA,1
MUDAH,2
MUDAH2AN,2
MUERO,-1
MUFFIN,1
MUJER,1
MULAI,0
MULHER,1
MULTIPLE,1
MULU,-1
MUM,1
MUMMY,1
MUMPISH,-2
MUMPUNG,1
MUMS,1
MUNA,2
MUNCUL,0
MUNDO,0
MUNGKIN,1
MURAH,1
MURDER,-2
MURDERER,-2
MURDEROUS,-3
MURDERS,-2
MUSCLE,0
MUSEUM,2
MUSIC,2
MUSICA,1
MUSICAL,2
MUSICAS,1
MUSIK,2
MUST,1
MUUUITO,0
MUZIEK,1
MWAH,2
MYSPACE,1
MYTH,-1
MYY,1
N00B,-2
NAVE,-2
NAA,0
NAAA,1
NACHT,2
NAD,1
NADA,0
NADIE,0
NAEK,0
NAG,1
NAH,1
NAHH,1
NAILS,1
NAIVE,-2
NAK,0
NAKED,1
NALANG,1
NAMAN,1
NAMANYA,1
NAMBAH,1
NAMED,2
NAMES,1
NAMORADO,-1
NAN,1
NANGIS,-1
NANTI,1
NANYA,1
NAP,1
NASHVILLE,1
NASIB,-1
NASTY,-3
NATALIE,2
NATHAN,1
NATION,2
NATIONAL,1
NATURAL,1
NATURE,1
NATUURLIJK,2
NAUGHTY,1
NCAA,2
NDAK,0
NDUT,0
NEAR,1
NEARLY,0
NECESITO,-1
NECK,0
NEED,0
NEEDED,2
NEEE,-1
NEEM,0
NEGATIVE,-2
NEGATIVITY,-2
NEGLECT,-2
NEGLECTED,-2
NEGLECTING,-2
NEGLECTS,-2
NEGRO,1
NEIGHBOR,1
NEIGHBORS,0
NEITHER,0
NEMENIN,1
NEMU,0
NENA,1
NENE,1
NENEK,1
NENG,1
NEPHEW,1
NERD,1
NERVOUS,-2
NERVOUSLY,-2
NESSA,0
NETA,0
NETFLIX,1
NETWORK,1
NEVA,0
NEVER,1
NEVERMIND,1
NEWCASTLE,1
NEWEST,2
NEWS,1
NEXT,1
NGAK,0
NGAKAK,1
NGAMBEK,0
NGANTUK,0
NGAPA,0
NGASIH,1
NGELIAT,0
NGERASA,0
NGERJAIN,1
NGERTI,0
NGETWEET,1
NGGA,0
NGIDAM,-1
NGINEP,0
NGOBROL,1
NGOMONG,0
NGOMONGIN,0
NGUCAPIN,1
NGUMPUL,0
NIAN,0
NIAT,0
NICE,3
NICEEE,3
NICELY,2
NICER,1
NICEST,2
NICH,0
NICK,1
NICKI,1
NICOLE,2
NIECE,2
NIEMAND,-1
NIETS,0
NIEUWE,2
NIFTY,2
NIGGA,1
NIGGAS,-5
NIGGER,-5
NIGHT,1
NIGHTMARE,-1
NIGHTS,1
NIGHTTT,2
NIGHTY,2
NIHH,0
NIIH,0
NIKAH,1
NIKKI,2
NIKS,0
NILAI,1
NINA,1
NINE,1
NINGUEM,-2
NINJA,2
NITE,2
NITIP,1
NIVER,1
NNTI,1
NNTN,0
NNTON,0
NO,-1
NOBLE,2
NOBODY,0
NOCH,1
NOCHE,1
NOCHES,3
NODIG,1
NOISE,1
NOISY,-1
NOITE,2
NOKIA,1
NOMBRE,1
NOMER,1
NONE,0
NONGOL,1
NONSENSE,-2
NONTON,0
NOOB,-2
NOODLES,1
NOOIT,0
NOON,1
NOONE,0
NOOO,-1
NOPE,1
NORMAL,1
NORMALLY,1
NORTH,1
NOSE,-1
NOSEY,-2
NOT WORKING,-3
NOTA,0
NOTE,0
NOTEBOOK,0
NOTES,0
NOTHIN,-1
NOTHING,-1
NOTICE,0
NOTORIOUS,-2
NOVA,1
NOVEL,2
NOVELA,1
NOVEMBER,1
NOVIA,0
NOVIO,0
NOWHERE,0
NOWW,1
NOWWW,1
NTAR,1
NUCLEAR,1
NUESTRA,1
NUESTRO,1
NUEVA,2
NUEVO,1
NUGGETS,1
NULIS,1
NUMBER,1
NUMBERS,1
NUMERO,1
NUMPANG,1
NUNCA,0
NUNGGU,0
NUNGGUIN,0
NUTELLA,1
NYAA,1
NYAAA,1
NYADAR,0
NYAMAN,1
NYAMPE,1
NYANYI,1
NYEPI,3
NYESEK,-1
NYESEL,-1
NYOKAP,0
NYUSUL,1
O/,1
O_O,1
OALAH,1
OBAMA,0
OBAT,0
OBG,3
OBLITERATE,-2
OBLITERATED,-2
OBNOXIOUS,-3
OBRIGADA,2
OBRIGADO,3
OBSCENE,-2
OBSESSED,2
OBSOLETE,-2
OBSTACLE,-2
OBSTACLES,-2
OBSTINATE,-2
OBVIO,1
OBVIOUS,1
OBVIOUSLY,1
O'CLOCK,1
OCTOBER,1
ODD,-2
ODEIO,-1
ODIO,-1
OFCOURSE,2
OFFEND,-2
OFFENDED,-2
OFFENDER,-2
OFFENDING,-2
OFFENDS,-2
OFFER,1
OFFICE,0
OFFICIAL,1
OFFICIALLY,1
OFFLINE,-1
OFTEN,1
OHAHA,3
OHEHE,3
OHH,1
OHHH,1
OHIO,1
OIA,2
OIE,2
OII,2
OIII,2
OIL,1
OIYA,1
OJALA,1
OJO,0
OJOS,0
OKAAAY,2
OKAAY,2
OKAY,2
OKAYY,2
OKAYYY,2
OKE,2
OKEDEH,3
OKEE,2
OKEEE,2
OKEH,2
OKEOKE,2
OKEY,2
OKIE,3
OKK,2
OKOK,2
OKS,2
OLA,2
OLAHRAGA,1
OLD,1
OLDER,1
OLEH,1
OLEH2,1
OLHA,1
OLIVE,2
OLSUN,2
OLVIDO,-1
OMDAT,0
OMFG,0
OMG,0
OMGGG,0
OMINOUS,3
OMW,2
ONCE-IN-A-LIFETIME,3
ONDA,1
ONDER,1
ONDERWEG,2
ONES,1
ONLINE,1
ONN,1
ONO,0
ONTBIJTEN,2
ONTEM,0
ONTO,1
ONZE,1
OOH,2
OOHH,1
OOI,3
OOO,1
OOOH,1
OOOHHH,1
OOOI,3
OOPS,1
OOVOO,1
OPA,1
OPEN,1
OPENED,1
OPENING,1
OPINION,2
OPO,1
OPPA,1
OPPORTUNITIES,2
OPPORTUNITY,2
OPPOSITE,1
OPPRESSED,-2
OPPRESSIVE,-2
OPS,1
OPTIMISM,2
OPTION,1
OPTIONLESS,-2
OPTIONS,1
OPTOCHT,2
ORANG,1
ORANGE,1
ORANGNYA,1
ORDER,1
ORDERED,2
ORDERING,1
ORG,1
ORIGINAL,1
ORKUT,1
ORLANDO,1
ORLEANS,1
ORNG,1
OSCAR,2
OSEA,0
OTAK,0
OTHERS,1
OTHERWISE,1
OTRA,0
OTW,2
OUCH,-1
OUDERS,0
OUI,2
OUTCRY,-2
OUTFIT,2
OUTMANEUVERED,-2
OUTRA,0
OUTRAGE,-3
OUTRAGED,-3
OUTREACH,2
OUTSIDE,0
OUTSTANDING,5
OUTTA,1
OUVINDO,1
OUVIR,0
OVA,1
OVEN,1
OVERALL,2
OVERJOYED,4
OVERLOAD,-1
OVERLOOKED,-1
OVERREACT,-2
OVERREACTED,-2
OVERREACTION,-2
OVERREACTS,-2
OVERSELLING,-2
OVERSELLS,-2
OVERSIMPLIFICATION,-2
OVERSIMPLIFIED,-2
OVERSIMPLIFIES,-2
OVERSIMPLIFY,-2
OVERSTATEMENT,-2
OVERSTATEMENTS,-2
OVERWEIGHT,-1
OWE,1
OWH,1
OWL,1
OWNER,1
OWW,0
OWWW,0
OXYMORON,-1
OYA,1
OYE,1
P.S,2
P.S.,2
PAAR,1
PACAR,1
PACARAN,1
PACARKU,1
PACARMU,1
PACARNYA,2
PACK,1
PACKAGE,1
PACKED,1
PACKING,1
PAD,1
PADAHAL,-1
PADANG,1
PADRE,1
PAG,1
PAGE,1
PAGES,0
PAGI,2
PAGI2,0
PAGII,3
PAI,0
PAID,1
PAIN,-2
PAINED,-2
PAINFUL,-1
PAINT,1
PAINTING,2
PAIR,1
PAIS,0
PAK,1
PAKAI,1
PAKE,1
PAKET,0
PAL,1
PALA,0
PALABRAS,1
PALING,1
PALM,1
PAN,1
PANA,0
PANAS,0
PANCAKE,1
PANCAKES,2
PANDA,1
PANDORA,2
PANEL,1
PANG,1
PANGGIL,1
PANIC,-3
PANICKED,-3
PANICS,-3
PANJANG,1
PANTAI,1
PANTES,1
PANTESAN,0
PANTS,1
PAPA,1
PAPAS,0
PAPER,0
PAPERS,0
PAPI,1
PARADE,1
PARADISE,3
PARADOX,-1
PARAH,-1
PARAMORE,0
PARAR,0
PARDON,2
PARDONED,2
PARDONING,2
PARDONS,2
PARECE,1
PARENTS,1
PARIS,1
PARK,1
PARKING,0
PARLEY,-1
PARTIDO,1
PARTIES,1
PARTNER,1
PARTS,1
PARTY,2
PARTYING,1
PASA,0
PASADO,0
PASANDO,0
PASAR,0
PASE,1
PASO,0
PASS,1
PASSA,1
PASSANDO,0
PASSAR,0
PASSED,0
PASSES,1
PASSING,1
PASSION,2
PASSIONATE,2
PASSIVE,-1
PASSIVELY,-1
PASSWORD,0
PAST,1
PASTA,1
PASTI,1
PASTINYA,2
PASTOR,2
PAT,1
PATAH,-1
PATHETIC,-2
PATIENT,1
PATRICK,1
PATTY,1
PAU,1
PAUL,1
PAY,-1
PAYAH,-1
PAYING,1
PAZ,1
PCR,0
PDA,0
PDHAL,-1
PDHL,-1
PEACE,2
PEACEFUL,2
PEACEFULLY,2
PEANUT,1
PEARL,1
PEDI,1
PEDIR,1
PEDO,0
PEDULI,1
PEE,0
PEGA,0
PEGEL,-1
PEGI,0
PELAJARAN,1
PELI,1
PELICULA,1
PELIT,0
PELUK,0
PEN,0
PENA,0
PENASARAN,1
PENDEK,1
PENDING,-1
PENGEN,-1
PENIS,1
PENSANDO,0
PENSAR,0
PENSE,0
PENSIVE,-1
PENTING,1
PENUH,1
PENYAKIT,0
PEOPLE,1
PEOPLES,2
PEOR,-1
PEPPER,1
PERASAAN,0
PERCAYA,1
PERDER,0
PERDI,-2
PERDON,-1
PERFECT,3
PERFECTED,2
PERFECTO,2
PERFECTS,2
PERFORM,1
PERFORMANCE,1
PERFORMING,2
PERFUME,1
PERHAPS,2
PERHATIAN,1
PERIH,-2
PERIL,-2
PERIOD,1
PERJALANAN,1
PERJURY,-3
PERLU,1
PERNAH,1
PERPETRATOR,-2
PERPETRATORS,-2
PERPLEXED,-2
PERRY,2
PERSECUTE,-2
PERSECUTED,-2
PERSECUTES,-2
PERSECUTING,-2
PERSON,1
PERSONAL,0
PERSONALLY,2
PERSONAS,1
PERTAMA,1
PERTURBED,-2
PERUT,-1
PESKY,-2
PESSIMISM,-2
PESSIMISTIC,-2
PESSOA,0
PESSOAL,2
PET,0
PETE,1
PETER,1
PFF,-1
PFFF,-1
PGEN,-1
PGI,1
PGN,-1
PHEW,2
PHIL,1
PHILIPPINES,1
PHILLY,1
PHOBIC,-2
PHOENIX,1
PHONE,0
PHONES,0
PHOTO,1
PHOTOGRAPHY,2
PHOTOS,1
PHOTOSHOOT,2
PHOTOSHOP,1
PHYSICS,0
PIANO,1
PIC,2
PICK,1
PICKED,1
PICS,1
PICTURE,1
PICTURES,1
PICTURESQUE,2
PIE,1
PIECE,1
PIECES,1
PIENSO,0
PIERCED,1
PIERCING,0
PIES,0
PIG,1
PIJN,-2
PIKIRAN,1
PILEK,-2
PILEUP,-1
PILIH,1
PILLOW,1
PILLS,0
PIN,1
PINCHE,-1
PINDAH,0
PING,1
PINGIN,-1
PINJEM,1
PINK,1
PINTAR,1
PINTER,2
PINTU,0
PIOR,-1
PIQUE,-2
PIQUED,-2
PISAN,0
PISCINA,0
PISS,-4
PISSED,-4
PISSING,-3
PIT,1
PITCH,1
PITEOUS,-2
PITIED,-1
PITY,-2
PIX,1
PIZZA,1
PKE,0
PLACE,1
PLACES,1
PLAIN,1
PLAN,1
PLANE,1
PLANES,0
PLANET,1
PLANNED,1
PLANNING,1
PLANS,1
PLANT,1
PLASTIC,0
PLATE,1
PLAY,1
PLAYA,0
PLAYED,1
PLAYER,1
PLAYERS,1
PLAYFUL,2
PLAYIN,1
PLAYING,1
PLAYLIST,2
PLAYOFFS,1
PLAYS,2
PLAZA,2
PLEASANT,3
PLEASE,1
PLEASED,3
PLEASEE,1
PLEASEEE,1
PLEASURE,3
PLENTY,2
PLEZIER,3
PLG,0
PLIS,0
PLISS,0
PLNG,0
PLS,1
PLUS,1
PLZ,1
PNGEN,-1
PNGN,0
PNY,1
PNYA,0
POBRE,-1
POCKET,1
PODCAST,2
PODRE,-1
POINT,1
POINTS,1
POISED,-2
POISON,-2
POISONED,-2
POISONS,-2
POKEMON,1
POKER,1
POKOKNYA,1
POLICE,0
POLISH,1
POLLUTE,-2
POLLUTERS,-2
POLO,1
PON,1
PONE,0
PONG,1
POO,0
POOL,1
POOP,-1
POOR,-2
POORER,-2
POOREST,-2
POORLY,-2
POP,1
POPCORN,1
POPPIN,2
POPS,2
POPULAR,3
PORFA,1
PORFAVOR,0
PORK,0
PORN,1
PORQ,1
PORRA,-1
PORT,1
PORTLAND,1
POS,1
POSITION,1
POSITIVE,2
POSITIVELY,2
POSSESSIVE,-2
POSSIBLE,1
POSSIBLY,1
POST,1
POSTED,2
POSTER,1
POSTERS,1
POSTING,1
POSTPONE,-1
POSTPONED,-1
POSTPONES,-1
POSTPONING,-1
POSTS,1
POT,1
POTATO,1
POTATOES,2
POTENTIAL,2
POTONG,0
POTTER,2
POUCO,1
POUNDS,1
POURING,0
POVERTY,-1
POW,1
POWER,1
POWERFUL,2
POWERLESS,-2
PPL,1
PQP,-2
PRACTICE,1
PRAIA,1
PRAISE,3
PRAISED,3
PRAISES,3
PRAISING,3
PRAKTEK,1
PRAY,1
PRAYER,2
PRAYERS,1
PRAYING,1
PRAYS,1
PRBLM,-2
PRBLMS,-2
PRE,1
PRECIOUS,2
PRECISO,-1
PREFER,2
PREGNANT,1
PREMIERE,1
PREMIOS,1
PREP,1
PREPARE,1
PREPARED,1
PREPARING,1
PRESENT,2
PRESENTE,1
PRESENTS,2
PRESIDENT,0
PRESS,1
PRESSURE,-1
PRESSURED,-2
PRETEND,-1
PRETENDING,-1
PRETENDS,-1
PRETTY,1
PREVENT,-1
PREVENTED,-1
PREVENTING,-1
PREVENTS,-1
PREVIEW,1
PREVIOUS,1
PRICE,1
PRICELESS,3
PRICES,0
PRICK,-5
PRIDE,2
PRIMA,1
PRIMEIRO,1
PRIMER,1
PRIMERA,1
PRINCE,1
PRINT,1
PRISON,-2
PRISONER,-2
PRISONERS,-2
PRIVATE,1
PRIVILEGED,2
PRIZE,2
PRNH,0
PRO,1
PROACTIVE,2
PROB,1
PROBABLY,1
PROBLEM,-2
PROBLEMA,0
PROBLEMAS,0
PROBLEMS,-2
PROBS,1
PROCESS,1
PRODUCT,2
PRODUCTION,1
PRODUCTIVE,2
PRODUCTS,1
PROF,1
PROFESSIONAL,2
PROFESSOR,1
PROFILE,2
PROFITEER,-2
PROGRAM,1
PROGRAMA,1
PROGRESS,2
PROJECT,1
PROJECTS,1
PROLLY,1
PROM,1
PROMINENT,2
PROMISE,1
PROMISED,1
PROMISES,1
PROMO,1
PROMOTE,1
PROMOTED,1
PROMOTES,1
PROMOTING,1
PRONTO,1
PROOF,1
PROPAGANDA,-2
PROPER,0
PROPERLY,0
PROSECUTE,-1
PROSECUTED,-2
PROSECUTES,-1
PROSECUTION,-1
PROSPECT,1
PROSPECTS,1
PROSPEROUS,3
PROTECT,1
PROTECTED,1
PROTECTS,1
PROTESTERS,-2
PROTESTING,-2
PROTESTS,-2
PROUD,2
PROUDLY,2
PROVA,0
PROVE,2
PROVOKE,-1
PROVOKED,-1
PROVOKES,-1
PROVOKING,-1
PROXIMA,0
PS3,1
PSEUDOSCIENCE,-3
PST,1
PSTI,1
PUAS,1
PUASA,1
PUB,1
PUBLIC,1
PUDDING,1
PUDE,-1
PUEDA,0
PUEDES,1
PUERTO,1
PUES,1
PUJI,3
PULA,0
PULANG,0
PULL,1
PULLED,0
PULLING,1
PULSA,0
PUMPED,2
PUN,0
PUNCAK,0
PUNCH,1
PUNISH,-2
PUNISHED,-2
PUNISHES,-2
PUNITIVE,-2
PUNK,1
PUNTO,1
PUNYA,1
PUP,0
PUPPY,0
PURA,1
PURCHASE,1
PURE,1
PURO,0
PURPLE,2
PURPOSE,1
PURSE,1
PUSE,0
PUSH,1
PUSHING,1
PUSHY,-1
PUSING,-1
PUSSY,-1
PUT,1
PUTA,0
PUTIH,1
PUTRI,2
PUTS,1
PUTTING,1
PUTUS,0
PUZZLED,-2
PWEDE,1
QIERO,-1
QTA,1
QUAKING,-2
QUALITY,2
QUANTO,0
QUARTER,1
QUASE,0
QUEDA,0
QUEDE,-1
QUEDO,0
QUEE,0
QUEEE,0
QUEEN,2
QUEREMOS,1
QUERER,0
QUERIDA,2
QUERIDO,1
QUESTION,1
QUESTIONED,-1
QUESTIONING,-1
QUESTIONS,1
QUICK,1
QUICKLY,0
QUIERAS,2
QUIERE,0
QUIEREN,0
QUIERES,1
QUIEROO,0
QUIET,1
QUISER,2
QUISIERA,-1
QUIT,1
QUITE,1
QUIZ,1
QUOI,2
QUOTE,2
QUOTES,2
R.I.P,-2
RABU,1
RACE,1
RACHEL,1
RACING,1
RACISM,-3
RACIST,-3
RACISTS,-3
RAD,2
RADA,1
RADIO,1
RAFAEL,1
RAGE,-2
RAGEFUL,-2
RAIN,0
RAINBOW,2
RAINING,0
RAINS,0
RAINY,-1
RAISE,2
RAISED,2
RAIVA,-1
RAJIN,2
RAMBUT,0
RAME,0
RAN,0
RANDOM,2
RANDOMLY,1
RANGE,1
RANGO,2
RANT,-3
RANTER,-3
RANTERS,-3
RANTS,-3
RAP,1
RAPAT,0
RAPE,-4
RAPIDO,0
RAPIST,-4
RAPTURE,2
RAPTURED,2
RAPTURES,2
RAPTUROUS,4
RARE,1
RARO,0
RASA,1
RASH,-2
RATE,0
RATHER,1
RATIFIED,2
RATO,1
RAW,1
RAY,1
RAYA,4
RAZON,1
REACH,1
REACHED,1
REACHES,1
REACHING,1
REACTION,1
READ,1
READY,1
REAL,1
REALIDAD,0
REALISE,0
REALISED,0
REALITY,0
REALIZE,1
REALIZED,0
REALLLY,0
REALLY,0
REALMENTE,0
REASON,1
REASONS,1
REASSURE,1
REASSURED,1
REASSURES,1
REASSURING,2
REBELLION,-2
RECEIVE,1
RECEIVED,1
RECENT,1
RECENTLY,1
RECESSION,-2
RECIEN,1
RECIPE,2
RECKLESS,-2
RECKON,2
RECOMMENDED,2
RECOMMENDS,2
RECORD,1
RECORDED,1
RECORDING,1
RECOVER,0
RED,1
REDS,2
REFERENCE,2
REFRESHING,2
REFUSE,-2
REFUSED,-2
REFUSING,-2
REGARDLESS,2
REGRESO,1
REGRET,-2
REGRETFUL,-2
REGRETS,-2
REGRETTED,-2
REGRETTING,-2
REGULAR,1
REHAB,-1
REHEARSAL,1
REJECT,-1
REJECTED,-1
REJECTING,-1
REJOICE,4
REJOICED,4
REJOICES,4
REK,0
RELA,1
RELATED,1
RELATIONSHIP,1
RELAX,2
RELAXED,2
RELAXING,2
RELEASED,1
RELENTLESS,-1
RELIANT,2
RELIEF,1
RELIEVE,1
RELIEVED,2
RELIEVES,1
RELIEVING,2
RELIGION,1
RELISHING,2
REMARKABLE,2
REMEMBER,1
REMEMBERED,1
REMIND,1
REMINDED,1
REMINDER,2
REMINDS,1
REMIX,2
REMORSE,-2
REMOTE,0
REMOVE,0
REN,1
RENANG,0
RENCANA,1
RENT,1
REP,1
REPEAT,1
REPLACE,0
REPLAY,1
REPLIED,1
REPLIES,0
REPLY,1
REPLYING,1
REPORT,0
REPULSE,-1
REPULSED,-2
REQUEST,2
RESCUE,2
RESCUED,2
RESCUES,2
RESENTFUL,-2
RESIGN,-1
RESIGNED,-1
RESIGNING,-1
RESIGNS,-1
RESIST,1
RESOLUTE,2
RESOLVE,2
RESOLVED,2
RESOLVES,2
RESOLVING,2
RESPECT,2
RESPECTED,2
RESPOND,1
RESPONDE,-1
RESPONDER,0
RESPONSE,1
RESPONSIBLE,2
RESPONSIVE,2
REST,1
RESTAURANT,1
RESTFUL,2
RESTLESS,-2
RESTO,1
RESTORE,1
RESTORED,1
RESTORES,1
RESTORING,1
RESTRICT,-2
RESTRICTED,-2
RESTRICTING,-2
RESTRICTION,-2
RESTRICTS,-2
RESULT,1
RESULTS,1
RETAINED,-1
RETARD,-2
RETARDED,-2
RETREAT,-1
RETURN,1
RETURNED,1
RETWEET,1
RETWEETED,2
REUNION,1
REVENGE,-2
REVENGEFUL,-2
REVERED,2
REVIEW,2
REVIEWS,1
REVISE,-1
REVISING,-1
REVISION,-1
REVIVE,2
REVIVES,2
REWARD,2
REWARDED,2
REWARDING,2
REWARDS,2
RIA,1
RIBET,0
RIBS,1
RICA,2
RICE,1
RICH,2
RICHARD,1
RICHTING,2
RICK,1
RICKY,1
RICO,2
RID,0
RIDE,1
RIDICULOUS,-3
RIDING,1
RIEN,2
RIG,-1
RIGGED,-1
RIGHT,1
RIGHT DIRECTION,3
RIGOROUS,2
RIGOROUSLY,2
RIHANNA,1
RIN,1
RINDU,0
RING,1
RIO,1
RIOT,-2
RIOTS,-2
RIP,-1
RISA,1
RISE,2
RISK,-2
RISKS,-2
RITE,1
RIVER,1
RMH,0
ROAD,1
ROADS,1
ROAST,1
ROB,-2
ROBBER,-2
ROBED,-2
ROBERT,1
ROBIN,1
ROBING,-2
ROBS,-2
ROBUST,2
ROCK,2
ROCKED,2
ROCKIN,3
ROCKING,2
ROCKS,2
ROFL,4
ROFLCOPTER,4
ROFLMAO,4
ROLA,1
ROLE,1
ROLL,1
ROLLING,1
ROLLS,1
ROMANCE,2
ROMANTIC,2
ROMANTIS,2
RON,1
ROOF,1
ROOM,1
ROOMIE,1
ROOMMATE,1
ROOT,1
ROSA,1
ROSE,2
ROSES,2
ROSS,1
ROTFL,4
ROTFLMFAO,4
ROTFLOL,4
ROTI,1
ROUGH,0
ROUND,1
ROUTE,2
ROUTINE,1
ROW,1
ROYAL,1
RSRS,1
RUA,1
RUB,0
RUBBISH,0
RUBY,1
RUDE,0
RUGBY,1
RUIM,-1
RUIN,-2
RUINED,-2
RUINING,-2
RUINS,-2
RULE,2
RUM,1
RUMAH,0
RUMBO,2
RUN,1
RUNNING,1
RUNS,1
RUSAK,-1
RUSH,1
RUSTIG,1
RYAN,1
S/O,4
SAAT,1
SAATNYA,2
SABADO,1
SABAR,1
SABI,2
SABIA,0
SABOTAGE,-2
SABTU,-1
SACO,-1
SAD,-2
SADAR,1
SADDEN,-2
SADDENED,-2
SADLY,-2
SADNESS,-1
SAFE,1
SAFELY,1
SAFETY,1
SAHABAT,1
SAI,0
SAIA,0
SAID,1
SAINDO,1
SAIR,0
SAIU,-1
SAJA,1
SAKA,3
SAKE,0
SAKIT,-1
SAKITNYA,-1
SALA,0
SALAD,1
SALAH,0
SALAM,3
SALAMAT,3
SALE,1
SALES,1
SALGO,0
SALI,0
SALIENDO,1
SALIENT,1
SALING,2
SALIO,0
SALIR,0
SALON,1
SALSA,1
SALT,1
SALUDO,1
SALUDOS,3
SALUT,3
SALVADOR,0
SAM,1
SAMAAA,-1
SAMASAMA,4
SAMA-SAMA,4
SAMBIL,2
SAMPAI,1
SAN,1
SANA,1
SAND,1
SANDWICH,1
SANG,2
SANGAT,1
SANTA,1
SANTAI,1
SANTANA,1
SANTOS,1
SAO,0
SAPA,1
SAPPY,-1
SAR,1
SARAH,1
SARAN,2
SARAP,2
SARAPAN,1
SARCASTIC,-2
SAT,1
SATE,1
SATISFIED,2
SATNITE,1
SATURDAYS,1
SAUCE,1
SAUDADE,-2
SAUDADES,-1
SAUSAGE,1
SAVE,2
SAVED,2
SAVING,1
SAVINGS,1
SAW,0
SAY,0
SAYAAANG,0
SAYAANG,0
SAYANG,0
SAYANGG,0
SAYIN,0
SAYING,0
SAYS,0
SBAR,1
SBB,1
SBLM,1
SBR,1
SBY,1
SCAM,-2
SCAMS,-2
SCANDAL,-3
SCANDALOUS,-3
SCANDALS,-3
SCAPEGOAT,-2
SCAPEGOATS,-2
SCARE,-2
SCARED,-2
SCARY,-2
SCENE,1
SCENES,1
SCEPTICAL,-2
SCHATJE,0
SCHEDULE,1
SCHON,1
SCHOOLS,1
SCHOOOL,0
SCIENCE,0
SCOLD,-2
SCORED,1
SCORNFUL,-2
SCOTLAND,1
SCOTTY,2
SCRATCH,1
SCREAM,-2
SCREAMED,-2
SCREAMING,-2
SCREAMS,-2
SCREEN,0
SCREW,0
SCREWED,-2
SCREWED UP,-3
SCRIPT,1
SCUMBAG,-4
SDH,1
SEAN,1
SEARCH,1
SEARCHING,1
SEAS,1
SEASON,1
SEASONS,1
SEAT,1
SEATS,1
SEATTLE,1
SEBEL,-1
SEBELAH,0
SEBENERNYA,0
SEBENTAR,1
SEBUAH,2
SEC,1
SECOND,0
SECONDS,0
SECRET,2
SECTION,1
SECURE,2
SECURED,2
SECURES,2
SECURITY,1
SEDANG,1
SEDIH,-1
SEDIKIT,1
SEDITION,-2
SEDITIOUS,-2
SEDUCED,-1
SEED,1
SEEE,1
SEEIN,1
SEEING,1
SEEM,0
SEEMED,0
SEEMS,0
SEEN,1
SEES,1
SEGALA,1
SEGERA,2
SEGINI,0
SEGUE,2
SEGUI,2
SEGUIDORES,1
SEGUINDO,4
SEGUIR,1
SEGUNDA,0
SEGUNDO,1
SEGURO,1
SEH,0
SEHARIAN,0
SEHAT,2
SEJAK,1
SEK,1
SEKALI,0
SEKALIAN,1
SEKARANG,1
SEKOLAH,1
SEL,1
SELAIN,1
SELALU,1
SELAMA,1
SELAMAT,3
SELASA,1
SELECTION,2
SELESAI,1
SELF,1
SELF-CONFIDENT,2
SELFISH,-3
SELFISHNESS,-3
SELL,1
SELLING,1
SEMAKIN,1
SEMALAM,0
SEMALEM,0
SEMANA,1
SEMANAS,0
SEMANGAT,2
SEMARANG,1
SEMBUH,1
SEMESTER,1
SEMI,1
SEMINAR,1
SEMINGGU,0
SEMOGA,2
SEMPET,0
SEMPURNA,2
SEMUAAA,1
SEMUANYA,1
SENANG,2
SENANGNYA,2
SEND,1
SENDING,1
SENDIRI,0
SENEN,0
SENENG,2
SENI,2
SENIN,1
SENIOR,1
SENSE,1
SENTENCE,-2
SENTENCED,-2
SENTENCES,-2
SENTI,-1
SENTINDO,-1
SENTIR,-1
SENYUM,2
SENYUMAN,3
SEORANG,1
SEPATU,0
SEPEDA,0
SEPERTI,1
SEPERTINYA,0
SEPI,-1
SEPTEMBER,1
SERA,0
SEREM,-1
SERENE,2
SERIA,1
SERIE,1
SERIES,1
SERING,1
SERIO,0
SERIOUS,0
SERIOUSLY,0
SERIUS,0
SERU,1
SERVE,1
SERVER,0
SERVICE,1
SERVICES,1
SESEORANG,1
SESH,2
SESSION,2
SESUATU,1
SET,1
SETAN,0
SETELAH,1
SETENGAH,0
SETIA,2
SETTING,1
SETTLE,1
SETUJU,2
SEUS,1
SEVEN,1
SEVERE,-2
SEXTA,1
SEXY,3
SGT,1
SHA,1
SHAKE,1
SHAKING,-1
SHAKY,-2
SHALAT,3
SHALL,2
SHAME,-2
SHAMED,-2
SHAMEFUL,-2
SHANE,0
SHAPE,0
SHARE,0
SHARED,0
SHARES,0
SHARING,2
SHAWTY,3
SHEEN,1
SHEETS,1
SHES,1
SHHH,1
SHIFT,0
SHINE,2
SHINEE,2
SHINING,2
SHINY,1
SHIP,1
SHIRT,1
SHIRTS,1
SHIT,-4
SHITHEAD,-4
SHITTY,-3
SHO,1
SHOCK,-2
SHOCKED,-2
SHOCKING,-2
SHOCKS,-2
SHOE,1
SHOES,1
SHOLAT,2
SHOOT,-1
SHOOTING,1
SHOP,1
SHOPPIN,2
SHOPS,1
SHORE,2
SHORT,1
SHORTAGE,-2
SHORTAGES,-2
SHORTLY,1
SHORTS,1
SHORT-SIGHTED,-2
SHORT-SIGHTEDNESS,-2
SHOT,-2
SHOTS,-2
SHOULDA,0
SHOULDER,0
SHOULD'VE,0
SHOUT,-1
SHOUTOUT,3
SHOUTOUTS,3
SHOW,1
SHOWED,1
SHOWER,0
SHOWERS,0
SHOWING,1
SHOWS,1
SHREW,-4
SHRIMP,2
SHUD,1
SHUT,1
SHY,-1
SHYT,0
SIAL,-1
SIANG,1
SIAP,1
SIAP2,1
SIAPA,1
SIARAN,1
SIBUK,0
SICK,-2
SIDE,1
SIDO,0
SIEMPRE,1
SIENTE,1
SIENTO,-1
SIGA,1
SIGAN,2
SIGE,2
SIGH,-2
SIGHT,1
SIGN,1
SIGNAL,0
SIGNED,2
SIGNIFICANCE,1
SIGNIFICANT,1
SIGNING,1
SIGNS,1
SIGO,1
SIGUE,1
SIGUES,1
SIH,0
SIHH,0
SII,1
SIII,1
SIIM,2
SIIP,3
SILA,1
SILAHKAN,3
SILENCE,1
SILENCING,-1
SILENT,2
SILLY,-1
SILVER,1
SIMILAR,1
SIMON,1
SIMPLE,2
SIMPLY,2
SIMS,1
SINCE,0
SINCERE,2
SINCERELY,2
SINCEREST,2
SINCERITY,2
SINFUL,-3
SING,1
SINGAPORE,1
SINGER,2
SINGING,2
SINGLE,1
SINGLEMINDED,-2
SINI,0
SINO,1
SINTO,-1
SINYAL,-1
SIP,3
SIPP,3
SIR,2
SIS,1
SISI,1
SISSY,1
SISTERS,1
SIT,1
SITE,1
SITES,1
SITTIN,1
SITTING,1
SITU,1
SITUATION,0
SIX,0
SIZE,1
SKALI,0
SKALIAN,1
SKARANG,1
SKATE,1
SKATING,1
SKEPTIC,-2
SKEPTICAL,-2
SKEPTICISM,-2
SKEPTICS,-2
SKG,1
SKI,1
SKIING,1
SKINNY,1
SKINS,1
SKOLA,1
SKOLAH,1
SKOOL,0
SKR,1
SKRG,0
SKRNG,1
SKT,-1
SKUL,1
SKY,1
SKYPE,1
SLAAP,1
SLALU,1
SLAM,-2
SLAMAT,3
SLAP,1
SLAPEN,1
SLASH,-2
SLASHED,-2
SLASHES,-2
SLASHING,-2
SLAVERY,-3
SLEEEP,0
SLEEP,1
SLEEPING,0
SLEEPLESSNESS,-2
SLEEPOVER,2
SLEEPS,1
SLEEPY,0
SLEPT,0
SLH,0
SLICK,2
SLICKER,2
SLICKEST,2
SLIDE,1
SLIGHTLY,1
SLIM,1
SLM,3
SLMT,3
SLOW,0
SLOWLY,1
SLUGGISH,-2
SLUT,-5
SM*SH,1
SMA,1
SMALL,1
SMANGAT,2
SMART,1
SMARTER,2
SMARTEST,2
SMASH,1
SMBUH,1
SMEAR,-2
SMELL,1
SMELLS,1
SMG,2
SMGA,2
SMH,0
SMILE,2
SMILED,2
SMILES,2
SMILEY,2
SMILING,2
SMITH,2
SMLM,0
SMOG,-2
SMOGA,2
SMOKE,1
SMOKING,1
SMOOTH,2
SMOOTHIE,2
SMP,1
SMPE,0
SMS,0
SMSAN,0
SMUA,1
SMUANYA,1
SNACK,1
SNACKS,1
SNAP,1
SNDIRI,0
SNDRI,0
SNEAK,1
SNEAKY,-1
SNEL,0
SNL,1
SNOW,0
SNOWING,0
SNSD,2
SNUB,-2
SNUBBED,-2
SNUBBING,-2
SNUBS,-2
SNUGGLE,1
SOAL,1
SOALNYA,0
SOB,1
SOBER,1
SOBERING,1
SOCCER,1
SOCIAL,1
SOCIETY,1
SOCKS,1
SODA,1
SODARA,1
SOFA,1
SOFT,1
SOFTBALL,1
SOFTWARE,1
SOH,0
SOIR,1
SOK,1
SOL,1
SOLA,-1
SOLAT,2
SOLD,-1
SOLEMN,-1
SOLID,2
SOLIDARITY,2
SOLUTION,1
SOLUTIONS,1
SOLVE,1
SOLVED,1
SOLVES,1
SOLVING,1
SOMBER,-2
SOMBONG,0
SOME KIND,0
SOMEBODY,1
SOMEDAY,2
SOMEHOW,1
SOMEONE,0
SOMEONES,1
SOMETHIN,1
SOMETHING,1
SOMETIME,2
SOMETIMES,1
SOMEWHAT,1
SOMEWHERE,1
SONG,2
SONGS,2
SON-OF-A-BITCH,-5
SONS,2
SOO,1
SOON,1
SOONER,1
SOOO,1
SOOON,1
SOOTHE,3
SOOTHED,3
SOOTHING,3
SOPHISTICATED,2
SOPO,1
SORE,-1
SORI,0
SORROW,-2
SORROWFUL,-2
SORRY,-1
SORT,1
SORTA,1
SORTE,1
SORTED,2
SORY,1
SOS,1
SOUL,2
SOUND,1
SOUNDED,1
SOUNDS,2
SOUNDTRACK,2
SOUP,1
SOUR,1
SOURCE,1
SOUTH,1
SOUTHERN,2
SOZINHA,-2
SOZINHO,-1
SPA,1
SPACE,1
SPAGHETTI,2
SPAIN,1
SPAM,-2
SPAMMER,-3
SPAMMERS,-3
SPAMMING,-2
SPANISH,1
SPARE,1
SPARK,1
SPARKLE,3
SPARKLES,3
SPARKLING,3
SPEAK,1
SPEAKING,1
SPEARS,2
SPECIAL,2
SPECULATIVE,-2
SPEECH,1
SPEED,1
SPELEN,1
SPELL,1
SPELLING,1
SPEND,1
SPENDING,1
SPENT,1
SPIN,1
SPIRIT,1
SPIRITED,2
SPIRITLESS,-2
SPITEFUL,-2
SPLENDID,3
SPLIT,0
SPOILED,1
SPOKEN,1
SPONGEBOB,2
SPORT,1
SPORTS,1
SPOT,1
SPREAD,2
SPRIGHTLY,2
SPURS,1
SQUARE,1
SQUELCHED,-1
SRRY,0
SRY,0
STA,0
STAAN,1
STAAT,1
STAB,-2
STABBED,-2
STABLE,2
STABS,-2
STAD,2
STADIUM,1
STAFF,1
STAGE,1
STALK,1
STALKER,1
STALKING,1
STALL,-2
STALLED,-2
STALLING,-2
STAMINA,2
STAMPEDE,-2
STAN,1
STAND,1
STANDARD,1
STANDING,1
STAR,1
STARBUCKS,1
STARING,1
STARTED,1
STARTING,1
STARTLED,-2
STARTS,1
STARVE,-2
STARVED,-2
STARVES,-2
STARVING,-2
STATEMENT,1
STATES,1
STATION,1
STATUS,1
STAY,1
STAYED,0
STAYING,1
STEADFAST,2
STEAK,2
STEAL,-2
STEALS,-2
STEEDS,0
STEP,2
STEPH,2
STEPHEN,1
STEPS,1
STEREOTYPE,-2
STEREOTYPED,-2
STEVE,1
STEVEN,1
STFU,2
STICK,1
STICKS,1
STIFLED,-1
STIL,0
STILL,0
STIMULATE,1
STIMULATED,1
STIMULATES,1
STIMULATING,2
STINGY,-2
STO,1
STOCK,0
STOKED,3
STOLE,0
STOLEN,-2
STOMACH,-1
STONE,1
STOOD,0
STOP,-1
STOPPED,-1
STOPPING,-1
STOPS,-1
STORE,1
STORES,1
STORIES,1
STORM,0
STORY,1
STOUT,2
STOY,0
STRAIGHT,1
STRAKS,1
STRANGE,-1
STRANGELY,-1
STRANGER,2
STRANGLED,-2
STRAWBERRIES,2
STRAWBERRY,2
STREAM,0
STREAMING,0
STREETS,1
STRENGTH,2
STRENGTHEN,2
STRENGTHENED,2
STRENGTHENING,2
STRENGTHENS,2
STRESSED,-2
STRESSFUL,0
STRESSOR,-2
STRESSORS,-2
STRICKEN,-2
STRIKE,-1
STRIKERS,-2
STRIKES,-1
STRINGS,2
STRIP,1
STROKES,2
STRONG,2
STRONGER,2
STRONGEST,2
STRUCK,-1
STRUGGLE,-2
STRUGGLED,-2
STRUGGLES,-2
STRUGGLING,-2
STUBBORN,-2
STUCK,-2
STUDENT,1
STUDENTS,1
STUDIES,1
STUDIO,2
STUDY,0
STUDYING,0
STUFF,1
STUFFED,1
STUNNED,-2
STUNNING,4
STUPID,-2
STUPIDLY,-2
STYLE,2
SUAMI,1
SUARA,0
SUARANYA,1
SUAREZ,2
SUASANA,1
SUATU,2
SUAVE,2
SUB,1
SUBHANALLAH,2
SUBJECT,1
SUBSTANTIAL,1
SUBSTANTIALLY,1
SUBUH,1
SUBVERSIVE,-2
SUBWAY,1
SUCCES,2
SUCCESS,2
SUCCESSFUL,3
SUCKED,-1
SUCKS,-3
SUDAH,1
SUDDEN,0
SUDDENLY,0
SUE,1
SUERTE,2
SUFFER,-2
SUFFERING,-2
SUFFERS,-2
SUGGESTION,2
SUICIDAL,-2
SUICIDE,-2
SUING,-2
SUKSES,3
SULIT,0
SULKING,-2
SULKY,-2
SULLEN,-2
SUM,1
SUMMER,1
SUMPAH,-1
SUN,1
SUNDAY,2
SUNDAYS,1
SUNGGUH,0
SUNNY,1
SUNSET,2
SUNSHINE,2
SUP,2
SUPAYA,1
SUPER,3
SUPERB,5
SUPERIOR,2
SUPERMAN,1
SUPERNATURAL,1
SUPPER,1
SUPPORT,2
SUPPORTED,2
SUPPORTER,1
SUPPORTERS,1
SUPPORTING,1
SUPPORTIVE,2
SUPPORTS,2
SUPPOSE,0
SUPPOSED,0
SURABAYA,1
SURE,2
SURELY,1
SURGERY,0
SURPRISE,2
SURPRISED,2
SURPRISINGLY,2
SURUH,0
SURVIVE,1
SURVIVED,2
SURVIVING,2
SURVIVOR,2
SUSAH,-1
SUSHI,1
SUSPECT,-1
SUSPECTED,-1
SUSPECTING,-1
SUSPECTS,-1
SUSPEND,-1
SUSPENDED,-1
SUSPICIOUS,-2
SUSU,1
SUX,-1
SWAG,2
SWAN,1
SWEAR,-2
SWEARING,-2
SWEARS,-2
SWEAT,2
SWEEET,2
SWEET,2
SWEETEST,3
SWEETHEART,2
SWEETIE,2
SWEETS,1
SWEETY,2
SWIFT,2
SWIFTLY,2
SWIM,1
SWIMMING,1
SWINDLE,-3
SWINDLES,-3
SWINDLING,-3
SWINE,-1
SWING,1
SWOLLEN,-2
SXSW,1
SYA,1
SYANG,1
SYDNEY,1
SYG,1
SYMPATHETIC,2
SYMPATHY,2
SYNG,1
SYP,1
SYSTEM,0
T.T,-1
T_T,-1
TAB,1
TABLE,1
TACO,1
TACOS,2
TAD,1
TADI,0
TAG,1
TAH,0
TAHAN,0
TAHU,1
TAHUN,2
TAKE,1
TAKEN,0
TAKES,1
TAKIN,1
TAKING,1
TAKUT,-1
TALAGA,1
TALENT,2
TALENTED,3
TALK,1
TALKED,1
TALKIN,1
TALKING,1
TALKS,1
TALL,1
TALVEZ,1
TAM,1
TAMBAH,1
TAMBEM,0
TAMBIEN,1
TAMO,1
TAMPOCO,-1
TANGAN,0
TANGGAL,1
TANK,1
TANNING,2
TANPA,0
TANTE,1
TANYA,1
TAP,1
TAPE,1
TAR,1
TARA,1
TARD,-2
TARDE,2
TARDES,3
TAREA,0
TARGET,1
TAS,1
TASTE,1
TASTES,1
TASTY,2
TAT,1
TATTOO,0
TATTOOS,1
TAU,0
TAUGHT,2
TAUN,1
TAUU,0
TAVA,0
TAX,1
TAXES,1
TAXI,0
TAYANG,0
TAYLOR,1
TAYO,1
TBH,1
TBM,0
TCHAU,1
TDI,0
TDK,1
TDR,0
TDUR,0
TEA,1
TEACH,1
TEACHER,1
TEACHERS,1
TEACHING,2
TEAM,1
TEAMS,1
TEAR,0
TEARS,-2
TECH,1
TECHNOLOGY,1
TEDDY,1
TEE,1
TEEN,1
TEETH,0
TEGA,-2
TEGEN,1
TEH,1
TEL,1
TELAH,1
TELAT,0
TELE,1
TELL,1
TELLING,1
TELLS,1
TEMA,1
TEMAN,2
TEMAN2,2
TEMEN,1
TEMEN2,1
TEMENIN,0
TEMENNYA,1
TEMP,0
TEMPAT,1
TEMPLE,2
TEMPRANO,0
TEMPTED,0
TEN,1
TENANG,1
TEND,1
TENDER,2
TENGA,1
TENGGOROKAN,-2
TENGKYU,4
TENIA,0
TENNIS,1
TENSE,-2
TENSION,-1
TENSO,-1
TENTANG,1
TENTU,1
TEPAT,1
TEPATIN,5
TEQUILA,1
TERAKHIR,0
TERASA,0
TERBAIK,2
TERIMA,3
TERIMAKASIH,4
TERJADI,1
TERLALU,0
TERM,0
TERMINANDO,1
TERMINAR,1
TERMINE,1
TERMINO,0
TERNYATA,0
TERRIBLE,-3
TERRIBLY,-3
TERRIFIC,4
TERRIFIED,-3
TERROR,-3
TERRORIZE,-3
TERRORIZED,-3
TERRORIZES,-3
TERSENYUM,3
TERSERAH,1
TERUG,1
TERUS,0
TEST,1
TESTING,1
TESTS,0
TETAP,2
TETEH,1
TETEP,1
TEXAS,1
TEXT,1
TEXTED,0
TEXTING,1
TEXTS,1
TGIF,2
TGL,1
TGS,0
THA,1
THAILAND,0
THANG,2
THANK,2
THANKFUL,2
THANKFULLY,1
THANKS,2
THANKSS,4
THANKSSS,3
THANKYOU,3
THANKYOUU,4
THANX,3
THAT'D,2
THAT'LL,1
THATS,1
THEATER,1
THEATRE,1
THEME,2
THEORY,1
THERAPY,2
THEREFORE,1
THERES,0
THEYRE,1
THICK,1
THING,1
THINGS,1
THINGY,1
THINK,1
THINKIN,1
THINKS,1
THIRD,1
THIRSTY,0
THN,1
THNKS,3
THO,1
THOMAS,1
THORNY,-2
THOUGH,1
THOUGHT,1
THOUGHTFUL,2
THOUGHTLESS,-2
THOUGHTS,1
THOUSAND,1
THREAT,-2
THREATEN,-2
THREATENING,-2
THREATENS,-2
THREATS,-2
THREE,0
THREW,0
THRILLED,5
THROAT,-2
THROWING,0
THT,1
THUIS,1
THUNDER,0
THURS,0
THURSDAY,1
THUS,1
THWART,-2
THWARTED,-2
THWARTING,-2
THWARTS,-2
THX,3
TIA,1
TIAP,0
TIBA,0
TIBA2,0
TICKET,0
TICKETS,0
TIDAK,1
TIDUR,0
TIE,1
TIED,1
TIENES,0
TIGER,2
TIGHT,1
TIJD,1
TIK,1
TIKET,0
TIM,1
TIME,0
TIMEE,0
TIMEEE,0
TIMELINE,0
TIMES,0
TIMID,-2
TIMING,1
TIMOROUS,-2
TIN,1
TING,1
TINGGAL,1
TINGGI,1
TINGKAT,0
TINY,1
TIP,2
TIPS,2
TIRAR,0
TIRE,0
TIRED,-2
TIRING,1
TIROL,1
TIS,1
TITIP,1
TITLE,1
TITS,-2
TIX,0
TKS,3
TLG,1
TMB,1
TMEN,1
TMN,1
TMN2,1
TMPT,0
TMR,0
TMRW,1
TNGO,-1
TNX,3
TOAST,1
TOCA,1
TODA,0
TODAS,1
TODAY,1
TODAYS,1
TODAYY,1
TOE,0
TOEN,0
TOES,1
TOGETHER,1
TOH,1
TOI,2
TOILET,0
TOK,0
TOKYO,1
TOL,0
TOLD,1
TOLERANT,2
TOLONG,1
TOM,1
TOMA,1
TOMANDO,1
TOMAR,1
TOMEI,1
TOMMOROW,1
TOMO,1
TOMOROW,1
TOMORROW,1
TOMORROWS,1
TONG,0
TONGUE,0
TONIGHT,1
TONIGHTS,1
TONITE,1
TONS,1
TONY,1
TOOK,1
TOOL,1
TOOO,1
TOOTH,-1
TOOTHLESS,-2
TOP,2
TOPIC,2
TOPICS,1
TOPS,2
TORN,-2
TORONTO,0
TORTURE,-4
TORTURED,-4
TORTURES,-4
TORTURING,-4
TOS,0
TOSH,2
TOTAL,0
TOTALITARIAN,-2
TOTALITARIANISM,-2
TOTALLY,1
TOU,0
TOUCH,1
TOUCHED,1
TOUGH,1
TOUR,1
TOURNAMENT,1
TOUT,-2
TOUTED,-2
TOUTING,-2
TOUTS,-2
TOWARDS,1
TOWN,1
TOY,0
TPI,0
TQM,2
TRABAJANDO,0
TRACK,1
TRACKS,2
TRADE,1
TRAFFIC,0
TRAGEDY,-2
TRAGIC,-2
TRAILER,1
TRAIN,1
TRAINING,1
TRAINS,0
TRAKTIR,2
TRANQUIL,2
TRANQUILA,2
TRANQUILO,2
TRANS,1
TRANSFER,1
TRAP,-1
TRAPPED,-2
TRASH,1
TRAUMA,-3
TRAUMATIC,-3
TRAVEL,1
TRAVELS,2
TREASON,-3
TREASONOUS,-3
TREASURE,2
TREASURES,2
TREAT,2
TREATING,2
TREE,1
TREES,1
TREIN,1
TREK,1
TREMBLING,-2
TREMULOUS,-2
TREND,2
TRENDING,2
TRES,1
TREY,2
TRI,1
TRICK,1
TRICKED,-2
TRICKERY,-2
TRIED,0
TRIP,1
TRIPLE,1
TRISTE,-2
TRISTEZA,-1
TRIUMPH,4
TRIUMPHANT,4
TROUBLE,-2
TROUBLED,-2
TROUBLES,-2
TROUWENS,2
TRS,0
TRUCK,1
TRULY,2
TRUS,0
TRUST,1
TRUSTED,2
TRUTH,2
TRY,1
TRYIN,1
TRYING,0
TRYNA,1
T-SHIRT,2
TSK,0
TSUNAMI,0
TTG,1
TTP,1
TTYL,2
TUB,1
TUBE,1
TUES,1
TUESDAY,1
TUGAS,0
TUH,1
TUHAN,1
TUITION,0
TUJUAN,2
TUK,1
TUKANG,0
TUMBEN,1
TUMBLR,1
TUMMY,-1
TUMOR,-2
TUNE,2
TUNED,3
TUNES,2
TUNGGU,2
TURKEY,1
TURN,1
TURNED,1
TURNING,1
TURNS,1
TURUN,0
TURUT,0
TUS,1
TUTTI,3
TUTUP,0
TUU,1
TUVE,0
TWAT,-5
TWEE,1
TWEEPLE,2
TWEEPS,3
TWEET,1
TWEETDECK,0
TWEETED,1
TWEETER,1
TWEETERS,2
TWEETHEARTS,3
TWEETIES,3
TWEETIN,1
TWEETING,1
TWEETS,1
TWICE,1
TWIN,1
TWINS,2
TWIT,0
TWITCAM,0
TWITCON,4
TWITPIC,0
TWITT,0
TWITTER,0
TWITTERAN,0
TWITTERING,1
TWITTERLAND,2
TWITTERS,0
TWO,0
TXT,0
TYLER,0
TYPE,0
TYPING,0
U.U,0
U_U,-1
UANG,0
UAS,1
UBER,1
UBERSOCIAL,1
UDA,1
UDAHAN,0
UDH,1
UFF,1
UFFF,1
UGH,-2
UGHH,-1
UGHHH,-2
UGLY,-3
UHH,1
UHHH,0
UHM,1
UJAN,0
UJIAN,1
ULANG,2
ULANGAN,0
ULIT,2
U'LL,2
ULTAH,2
ULTIMA,0
ULTIMATE,1
UMM,1
UNACCEPTABLE,-2
UNAPPRECIATED,-2
UNAPPROVED,-2
UNAWARE,-2
UNBELIEVABLE,-1
UNBELIEVING,-1
UNBIASED,2
UNC,2
UNCERTAIN,-1
UNCLE,1
UNCLEAR,-1
UNCOMFORTABLE,-2
UNCONCERNED,-2
UNCONFIRMED,-1
UNCREDITED,-1
UNDECIDED,-1
UNDERESTIMATE,-1
UNDERESTIMATED,-1
UNDERESTIMATES,-1
UNDERESTIMATING,-1
UNDERMINE,-2
UNDERMINED,-2
UNDERMINES,-2
UNDERMINING,-2
UNDERSTAND,1
UNDESERVING,-2
UNDESIRABLE,-2
UNEASY,-2
UNEMPLOYMENT,-2
UNEQUAL,-1
UNEQUALED,2
UNETHICAL,-2
UNEXPECTED,1
UNFAIR,-2
UNFOCUSED,-2
UNFOLLOW,1
UNFOLLOWED,0
UNFORTUNATELY,-1
UNG,1
UNHA,0
UNHAPPY,-2
UNHEALTHY,-2
UNI,0
UNICA,0
UNICO,0
UNIFIED,1
UNIMPRESSED,-2
UNINTELLIGENT,-2
UNION,1
UNIQUE,3
UNITED,1
UNIVERSE,2
UNIVERSITY,1
UNJUST,-2
UNKNOWN,1
UNLESS,1
UNLOVABLE,-2
UNLOVED,-2
UNMATCHED,1
UNMOTIVATED,-2
UNNIE,1
UNPROFESSIONAL,-2
UNRESEARCHED,-2
UNSATISFIED,-2
UNSECURED,-2
UNSETTLED,-1
UNSOPHISTICATED,-2
UNSTABLE,-2
UNSTOPPABLE,2
UNSUPPORTED,-2
UNSURE,-1
UNTARNISHED,2
UNTUNG,1
UNWANTED,-2
UNWORTHY,-2
UNYU,1
UPCOMING,2
UPDATE,1
UPDATING,1
UPGRADE,1
UPLOAD,1
UPLOADED,1
UPLOADING,2
UPON,1
UPPP,1
UPS,1
UPSET,-2
UPSETS,-2
UPSETTING,-2
UPSIDE,1
UPSTAIRS,0
UPTIGHT,-2
URBAN,1
URE,2
U'RE,2
URGE,0
URGH,-2
URL,1
URS,1
URSELF,2
URUSAN,1
URWEL,4
URWELL,5
USAH,1
USAHA,2
USB,0
USE,1
USED,1
USEFUL,2
USEFULNESS,2
USELESS,-2
USELESSNESS,-2
USER,1
USERNAME,2
USERS,1
USES,1
USHER,1
USING,1
USTED,1
USTEDES,1
USTREAM,1
USUAL,-1
USUALLY,-1
UTD,1
UTK,2
UTS,1
UUR,0
UURTJE,1
UURTJES,1
UUU,0
VACATION,1
VADER,1
VAGUE,-2
VAKANTIE,0
VALEU,2
VALIDATE,1
VALIDATED,1
VALIDATES,1
VALIDATING,1
VALLA,1
VALLEY,1
VALT,1
VALUE,1
VAMO,1
VAMPIRE,1
VANAF,1
VANAVOND,2
VANCOUVER,1
VANDAAG,1
VANESSA,1
VANILLA,1
VANMIDDAG,1
VAST,1
VCS,1
VDD,0
VECES,0
VEEL,1
VEGAS,1
VEIO,0
VEJO,0
VEMOS,2
VEN,0
VENDO,1
VENEZUELA,0
VENGA,1
VENIR,0
VENUE,1
VEO,0
VERDER,1
VERDICT,-1
VERDICTS,-1
VERE,1
VERGETEN,0
VERJAARDAG,2
VERSION,1
VERTE,0
VES,1
VESTED,1
VET,0
VEXATION,-2
VEXING,-2
VEZ,0
VEZES,0
VIA,1
VIAGEM,1
VIAJAR,0
VIAJE,1
VIBES,3
VIBRANT,3
VICIOUS,-2
VICTIM,-3
VICTIMIZE,-3
VICTIMIZED,-3
VICTIMIZES,-3
VICTIMIZING,-3
VICTIMS,-3
VICTORIA,1
VICTORY,2
VIDA,1
VIDEO,0
VIDEOS,0
VIDS,0
VIENDO,2
VIENE,1
VIEREN,1
VIERNES,1
VIERRA,2
VIEW,1
VIEWS,2
VIGILANT,3
VILE,-3
VILLA,1
VILLAGE,2
VIM,0
VIN,1
VIND,1
VINDEN,1
VINDICATE,2
VINDICATED,2
VINDICATES,2
VINO,1
VIOLATED,-2
VIOLATES,-2
VIOLATING,-2
VIOLENCE,-3
VIOLENT,-3
VIP,1
VIR,0
VIRGIN,1
VIRTUAL,1
VIRTUOUS,2
VIRULENT,-2
VIRUS,0
VISION,1
VISIONING,1
VISIONS,1
VISIT,1
VISITED,1
VISITING,1
VISTA,1
VISTE,0
VISTO,0
VITALITY,3
VITAMIN,1
VITRIOLIC,-3
VIVA,2
VIVACIOUS,3
VIVIR,1
VIVO,0
VOCES,1
VOCIFEROUS,-1
VODKA,1
VOEL,0
VOETBAL,1
VOICE,1
VOL,1
VOLGENDE,2
VOLGENS,1
VOLLEYBALL,1
VOLTA,1
VOLTAR,0
VOLTEI,3
VOLTO,2
VOLVER,0
VOND,1
VOORBIJ,-1
VOS,1
VOTE,2
VOTED,2
VOZ,0
VRIJ,1
VRIJDAG,1
VROEG,0
VUELTA,1
VUELVO,1
VULNERABILITY,-2
VULNERABLE,-2
W/,2
W/O,0
WAA,0
WAAA,-1
WAAAH,-1
WAAAY,0
WAAH,0
WAAR,1
WACHTEN,1
WACK,0
WADUH,0
WAE,0
WAFFLE,1
WAH,1
WAHAHA,1
WAHH,0
WAHHH,-1
WAIT,2
WAITED,0
WAITIN,1
WAITING,1
WAKE,0
WAKING,1
WAKKER,0
WAKTU,1
WAKTUNYA,2
WALA,0
WALAUPUN,1
WALK,1
WALKED,1
WALKING,1
WALKOUT,-2
WALKOUTS,-2
WALL,1
WALLET,0
WALMART,2
WAN,0
WANA,0
WANITA,2
WANKER,-3
WANNA,0
WANNEER,1
WANT,1
WANTED,0
WANTING,0
WANTS,1
WAR,-2
WAREN,1
WARFARE,-2
WARM,1
WARMER,1
WARMTH,2
WARN,-2
WARNA,1
WARNED,-2
WARNING,-3
WARNS,-2
WARS,1
WASH,1
WASHED,1
WASHING,1
WASHINGTON,1
WASNT,0
WASSUP,2
WASTE,-1
WASTING,-2
WATCH,1
WATCHED,1
WATCHIN,2
WATCHING,2
WATER,1
WATS,1
WAVE,1
WAVERING,-1
WAW,1
WAY,0
WAYNE,0
WAYS,0
WAYYY,0
WBU,2
WEAK,-2
WEAKNESS,-2
WEALTH,3
WEALTHY,2
WEAR,1
WEARING,1
WEARY,-2
WEATHER,1
WEB,1
WEBSITE,1
WED,1
WEDDING,2
WEDNESDAY,1
WEDSTRIJD,1
WEE,1
WEED,1
WEEE,1
WEEK,1
WEEKEND,1
WEEKENDS,0
WEEKLY,1
WEEKS,0
WEEP,-2
WEEPING,-2
WEET,1
WEG,0
WEH,0
WEIGHT,0
WEIRD,-2
WELCOME,2
WELCOMED,2
WELCOMES,2
WELL,1
WELLL,1
WELP,1
WEN,1
WENT,1
WERD,1
WERK,1
WERKEN,0
WES,0
WEST,1
WET,0
WETEN,2
WEW,1
WEY,0
WHAAAT,0
WHATEVER,2
WHATS,1
WHEEL,0
WHENEVER,1
WHERES,0
WHEREVER,2
WHEW,2
WHILST,1
WHIMSICAL,1
WHIP,2
WHITE,1
WHITEWASH,-3
WHOEVER,1
WHOLE,1
WHOOO,2
WHOOP,3
WHORE,-4
WHOSE,1
WHT,1
WHYYY,-2
WICKED,-2
WID,1
WIDOWED,-1
WIF,1
WIFEY,1
WII,1
WILLIAMS,1
WILLING,2
WILLINGNESS,2
WIN,4
WIND,0
WINDOW,0
WINDOWS,0
WINDY,0
WINE,2
WING,1
WINGS,2
WINNER,4
WINNING,4
WINS,4
WINTER,1
WINWIN,3
WIS,1
WISDOM,0
WISE,2
WISH,1
WISHED,0
WISHES,1
WISHING,1
WIT,1
WITHDRAWAL,-3
WITHIN,1
WIVES,2
WIZ,2
WKEND,1
WKND,1
WKT,0
WKTU,0
WKWK,1
WKWKRT,1
WKWKW,1
WKWKWK,1
WKWKWKWK,1
WOAH,1
WOEBEGONE,-2
WOEFUL,-3
WOI,0
WOKE,0
WOKEN,0
WOLVERINE,0
WOMAN,2
WOMEN,2
WON,3
WONDER,1
WONDERFUL,4
WONDERING,1
WONDERS,1
WONG,1
WOO,3
WOOD,1
WOOHOO,3
WOOO,4
WOOOHOOO,3
WOOP,3
WOOT,3
WOOW,4
WORDS,1
WORE,1
WORK,0
WORKED,1
WORKIN,1
WORKING,0
WORKOUT,2
WORKS,1
WORKSHOP,1
WORLD,2
WORLDS,1
WORN,-1
WORRIED,-3
WORRIES,3
WORRY,-3
WORRYING,-3
WORSE,-3
WORSEN,-3
WORSENED,-3
WORSENING,-3
WORSENS,-3
WORSHIP,2
WORSHIPED,3
WORST,-3
WORTH,2
WORTHLESS,-2
WORTHY,2
WOU,-1
WOULDA,0
WOULDNT,1
WOULD'VE,0
WOW,4
WOWOW,4
WOWWW,4
WOY,0
WRAP,1
WRATHFUL,-3
WRECK,-2
WRIST,-1
WRITE,1
WRITER,2
WRITING,1
WRITTEN,1
WRK,0
WRONG,-2
WRONGED,-2
WROTE,1
WTF,-4
WTH,0
WUD,1
WUT,1
WYATB,5
WYD,2
X_X,0
XANDER,-1
XBOX,1
XDD,1
XDDD,1
XOX,1
XOXO,2
XXX,1
YAA,2
YAAA,1
YAAAH,-1
YAAAY,3
YAAH,0
YAAHH,0
YAALLAH,0
YAAMPUN,-1
YAAY,2
YAH,1
YAHH,0
YAHHH,0
YAHOO,1
YAK,1
YAKIN,1
YALL,1
YA'LL,2
Y'ALL,2
Y'ALL!,3
YAN,1
YANK,0
YAP,2
YARD,1
YART,1
YAS,1
YAUDA,1
YAUDAH,1
YAW,2
YAY,2
YAYA,1
YAYAYA,1
YAYY,3
YAYYY,3
YEA,1
YEAA,2
YEAAA,2
YEAAAH,2
YEAAH,2
YEAH,1
YEAHH,2
YEAHHH,2
YEAP,2
YEAR,1
YEARNING,1
YEARS,1
YEAY,2
YEE,1
YEEE,2
YEEES,2
YEH,1
YELLOW,1
YEP,2
YER,2
YES,1
YESS,2
YET,0
YEY,2
YHU,2
YNG,1
YOGA,1
YOGURT,1
YOI,1
YOK,1
YOO,1
YOOO,1
YORK,1
YOUNG,1
YOUNGER,1
YOURE,2
YOUS,1
YOUTH,2
YOUTHFUL,2
YOUTUBE,1
YOUU,2
YOUUU,1
YRS,1
YUCK,-1
YUCKY,-2
YUH,1
YUK,1
YUKK,1
YUM,3
YUMM,3
YUMMM,3
YUMMY,3
YUN,1
YUNG,1
YUP,2
YUPP,2
YUR,2
YUU,1
YUUK,1
YUUU,1
YUUUK,1
YYA,2
ZACH,1
ZAG,1
ZAMAN,2
ZAT,1
ZATERDAG,1
ZEALOT,-2
ZEALOTS,-2
ZEALOUS,2
ZEG,1
ZEGGEN,1
ZEGT,0
ZEKER,2
ZELF,1
ZERO,1
ZETTEN,1
ZIEK,-2
ZIEN,1
ZIET,1
ZIN,0
ZITTEN,1
ZOMBIE,-1
ZOMBIES,-1
ZOMETEEN,1
ZON,1
ZO'N,1
ZONE,1
ZONNETJE,2
ZOOO,0
ZZZ,1
TRUE,2
out of control,-3
rhetoric,-1
Red Line,-2
screwed,-2
turmoil,-3
rhetorically,-1
repressions,-3
devastation,-3
devastate,-3
devastated,-3
repression,-3
repress,-3
freeze,-1
consolation,-1
console,-1
before and after,-1
cheap shot,-2
Dictators,-2
Dictator,-2
protest,-1
Occupy,-1
Occupied,-1
perished,-1
perish,-1
half mast,-1
right now,0
BATTLE,-2
cheap shot,-2
best friends,0
best friend,0
. .,0
! !,0
? ?,0
